user,rs7495174_1,rs7495174_2,rs12913832_1,rs12913832_2,rs4988235_1,rs4988235_2,rs2472297_1,rs2472297_2
user3078,A,A,G,G,A,A,T,T
user1392,A,G,A,G,A,A,C,T
user1393,A,A,A,G,A,G,T,T
user2574,A,A,A,G,G,G,C,C
user42,A,G,A,G,A,G,C,C
user3277,A,A,G,G,A,G,C,C
user561,A,A,A,G,A,G,C,C
user3275,A,A,G,G,G,G,C,C
user305,A,G,A,G,A,G,C,T
user2571,A,A,A,G,A,G,T,C
user4381,A,G,A,A,G,G,C,C
user567,A,A,G,G,A,A,C,C
user2570,A,A,G,G,G,G,C,C
user4632,A,G,A,A,A,A,C,C
user1325,A,A,G,G,A,G,C,T
user3186,A,G,A,G,A,G,C,C
user1077,A,A,G,G,A,G,C,C
user1075,A,A,G,G,A,G,C,C
user2675,A,G,A,A,G,G,C,C
user1071,A,A,G,G,A,G,C,T
user717,A,A,G,G,A,A,C,T
user1177,A,A,G,G,A,G,C,C
user1173,A,G,A,A,G,G,C,T
user1078,A,A,A,A,G,A,C,C
user651,A,A,G,G,A,A,T,T
user650,A,A,G,G,G,G,C,T
user3004,A,A,G,G,G,G,C,T
user1190,A,A,G,G,A,A,C,C
user1494,A,A,G,G,A,A,C,T
user954,A,A,A,A,A,G,T,T
user952,A,A,G,G,A,G,T,T
user951,A,G,A,G,A,G,C,T
user4499,A,A,G,G,A,G,C,T
user1499,A,A,A,G,A,A,C,C
user437,A,G,A,G,A,G,C,T
user430,A,G,A,G,A,G,C,C
user439,A,A,G,G,A,A,T,T
user2419,A,A,G,G,A,A,C,T
user820,A,A,A,G,G,G,C,C
user187,A,A,A,A,A,A,C,C
user1470,A,A,A,G,A,G,C,C
user2890,A,A,G,G,A,G,C,T
user2894,A,A,G,G,A,A,C,C
user3954,A,A,G,G,A,G,C,C
user481,A,A,A,G,G,G,C,C
user483,A,G,A,A,G,G,C,C
user2077,A,A,A,G,A,A,C,T
user2074,A,A,G,G,A,A,C,C
user2075,A,A,A,A,G,G,C,C
user488,A,G,A,A,G,G,C,C
user1785,A,A,A,G,A,A,C,T
user3301,A,G,A,A,G,G,C,C
user850,A,A,G,G,A,G,C,C
user2099,A,A,G,G,A,A,C,T
user503,A,A,G,G,A,A,C,C
user502,A,A,A,G,A,G,C,C
user1600,A,A,G,G,A,G,C,C
user2158,A,A,G,G,A,A,C,T
user1022,A,G,G,G,A,A,C,T
user4006,A,A,A,A,A,G,C,T
user4009,A,A,G,G,A,A,C,C
user3782,A,A,G,G,A,G,C,T
user3780,A,A,A,G,A,G,C,T
user26,A,A,G,G,A,A,C,C
user22,A,A,G,G,A,A,C,T
user3417,A,A,A,G,A,G,C,C
user2557,A,G,A,G,A,A,C,C
user4181,A,A,G,G,A,A,C,T
user3605,A,A,G,G,A,A,C,T
user4672,A,A,A,G,A,A,C,C
user349,A,A,G,G,G,G,C,T
user4671,A,A,A,G,A,G,C,C
user1825,A,A,A,A,A,G,C,C
user4171,A,A,A,G,A,G,C,C
user341,A,A,G,G,A,A,C,T
user4679,A,A,G,G,A,G,C,C
user347,A,A,G,G,A,A,C,C
user345,A,A,G,G,A,A,C,C
user4176,A,A,A,G,A,G,C,C
user1987,A,A,A,G,A,G,T,T
user1980,A,G,A,G,A,A,C,T
user968,A,A,G,G,A,G,C,C
user966,A,A,A,A,A,A,T,T
user4694,A,A,G,G,A,A,C,C
user610,A,A,A,A,A,G,C,C
user613,A,G,A,G,A,A,C,T
user3046,A,A,A,G,A,G,C,C
user2887,A,G,A,G,A,G,C,C
user4825,A,A,G,G,G,G,C,C
user4359,A,A,G,G,A,G,C,T
user4356,A,A,A,G,A,G,C,C
user918,A,G,A,G,A,A,C,C
user337,A,A,G,G,A,G,C,C
user912,A,A,G,G,A,A,C,C
user916,A,G,A,G,A,G,C,T
user915,A,A,G,G,A,A,C,T
user4557,A,A,G,G,A,A,C,C
user2748,A,A,G,G,A,A,C,C
user682,A,A,G,G,A,G,C,C
user684,A,A,G,G,A,A,C,T
user761,A,A,A,G,A,G,C,C
user763,A,A,A,A,G,G,C,T
user762,A,A,A,G,A,G,C,T
user688,A,A,A,A,G,G,C,C
user4552,A,A,G,G,A,A,T,T
user4597,A,A,A,G,A,G,C,C
user4594,A,A,G,G,A,A,C,C
user1133,A,G,G,G,A,G,C,T
user2980,A,A,G,G,A,G,C,C
user4598,A,A,A,G,G,G,T,C
user2739,A,A,G,G,A,A,C,C
user1134,A,A,G,G,A,A,C,T
user2633,A,A,G,G,A,A,C,C
user2297,A,A,G,G,A,G,C,T
user813,A,G,A,G,A,A,C,C
user811,A,A,G,G,A,G,C,T
user2291,A,A,G,G,A,G,C,C
user2116,A,A,G,G,A,A,T,T
user2568,A,A,G,G,A,A,C,C
user3468,A,A,A,G,A,G,C,T
user3582,A,A,A,G,A,A,C,C
user1647,A,A,G,G,A,G,T,C
user468,A,A,G,G,A,A,C,C
user466,A,A,A,A,A,G,C,C
user463,A,A,G,G,A,A,C,C
user3908,A,A,G,G,A,G,C,T
user3865,A,A,G,G,A,A,C,C
user3905,A,A,A,G,G,G,C,C
user2276,A,A,A,G,G,G,C,T
user4080,A,A,G,G,A,G,C,C
user862,A,G,A,G,A,A,C,T
user2183,A,A,A,G,A,A,T,T
user2841,A,A,A,G,A,G,T,T
user865,A,A,G,G,A,G,C,T
user60,A,A,G,G,A,A,C,T
user2023,A,A,G,G,A,A,C,C
user62,A,A,A,G,A,G,C,C
user2024,A,A,G,G,A,A,C,C
user2849,G,G,A,A,A,G,C,C
user1879,A,A,A,A,G,G,C,C
user3766,A,A,A,G,A,G,T,T
user2362,A,G,A,G,A,G,C,C
user3881,A,A,G,G,A,G,C,C
user3882,A,A,G,G,A,G,C,C
user2361,A,A,G,G,G,G,C,T
user2367,A,A,G,G,A,G,C,C
user3886,A,A,G,G,G,G,C,C
user394,A,A,A,G,A,A,C,T
user2203,A,A,G,G,G,G,C,C
user2202,A,A,G,G,A,A,C,T
user200,A,A,G,G,A,G,C,C
user2207,A,A,A,G,A,A,T,C
user4463,A,A,A,G,A,G,C,C
user2162,A,A,A,G,G,G,C,C
user2166,A,A,G,G,A,G,C,T
user380,A,G,A,G,G,G,C,C
user141,A,G,A,G,A,A,C,C
user144,G,G,A,A,G,G,C,C
user4133,A,A,G,G,A,G,C,C
user146,A,A,A,A,G,G,C,C
user4034,A,A,A,A,G,G,C,C
user2278,A,A,G,G,A,G,C,C
user4036,A,A,G,G,A,G,C,C
user4030,A,A,G,G,A,A,C,C
user266,A,A,A,G,G,G,C,C
user2279,A,A,A,G,A,G,C,T
user1384,A,G,A,G,A,A,C,C
user1269,A,A,A,A,A,A,C,T
user3167,A,A,G,G,A,G,C,C
user667,A,A,A,G,A,A,T,T
user1131,A,A,G,G,A,A,C,T
user311,A,G,A,A,A,G,C,C
user4621,A,G,A,G,A,G,T,T
user319,A,A,A,G,A,G,C,C
user4490,A,G,A,A,G,G,C,C
user1312,A,A,A,G,A,G,C,C
user4143,A,A,G,G,A,A,C,T
user4147,A,A,A,A,A,A,C,T
user3642,A,A,G,G,A,G,C,C
user3643,A,A,G,G,A,A,C,C
user3644,A,A,G,G,A,A,C,C
user646,A,A,G,G,A,A,T,T
user279,A,A,A,A,A,A,C,C
user644,G,G,A,A,A,A,C,C
user645,A,A,G,G,G,G,C,C
user1165,A,A,A,G,A,G,C,C
user2665,A,G,A,G,A,A,T,C
user816,A,A,G,G,A,A,C,C
user726,A,A,G,G,A,G,C,C
user721,A,G,A,G,A,A,C,C
user722,A,A,A,G,G,G,C,C
user3017,A,A,A,G,A,A,C,C
user3015,A,A,A,G,A,A,T,C
user2288,A,G,A,A,A,G,C,C
user4851,A,A,A,A,G,G,C,C
user922,A,G,A,G,A,A,C,T
user920,A,A,A,A,A,G,C,C
user926,A,A,A,G,A,A,C,T
user925,A,A,G,G,A,G,C,C
user924,A,A,A,A,A,G,C,C
user4715,A,A,A,G,A,G,C,C
user2949,A,A,A,A,G,G,C,T
user589,A,A,A,G,A,G,C,T
user420,A,A,A,G,A,G,C,T
user2403,A,A,A,G,A,G,C,C
user2402,A,A,A,G,A,G,C,C
user581,A,A,A,G,G,G,C,C
user549,A,A,A,G,A,G,C,T
user583,A,A,G,G,A,A,C,T
user429,A,A,G,G,A,A,C,T
user585,A,A,G,G,A,G,C,C
user854,A,A,A,G,A,A,C,C
user2797,A,A,G,G,A,G,C,C
user1764,A,A,G,G,A,A,C,T
user1445,A,A,G,G,A,G,C,T
user2881,A,A,G,G,A,G,C,C
user2498,A,A,G,G,G,G,C,C
user2886,A,A,A,G,A,A,C,T
user3942,A,A,G,G,A,A,C,T
user4568,A,A,G,G,A,G,T,C
user4569,A,A,G,G,G,G,C,C
user1040,A,A,A,G,A,G,C,T
user2707,A,A,G,G,A,A,C,T
user2700,A,A,A,G,A,G,C,T
user2702,A,A,G,G,A,G,C,C
user3335,A,G,A,A,G,G,C,C
user2249,A,A,G,G,G,G,C,C
user2920,A,A,G,G,A,A,C,C
user2535,A,A,A,A,A,G,C,C
user2080,A,A,G,G,A,G,C,C
user1678,A,G,A,A,A,G,C,T
user3422,A,A,G,G,G,G,C,T
user3931,A,G,A,A,G,G,C,C
user3833,A,A,G,G,A,A,C,C
user3835,A,A,A,G,A,G,C,C
user3834,A,A,G,G,A,G,C,C
user3930,A,A,A,G,G,G,C,T
user11,A,A,A,A,G,G,C,C
user13,A,A,A,A,G,G,C,C
user14,A,A,A,G,A,A,C,C
user17,A,A,G,G,A,G,C,C
user3934,G,G,A,A,G,G,C,T
user3543,A,A,G,G,A,A,C,T
user4042,A,G,A,G,A,A,T,C
user3611,A,A,G,G,A,A,C,C
user3615,A,A,A,A,G,G,C,C
user4192,A,A,G,G,A,A,C,T
user2238,A,A,G,G,A,G,C,C
user2239,A,A,A,G,A,G,C,C
user2334,A,A,G,G,A,G,C,C
user2337,A,A,A,A,G,G,C,C
user4297,A,A,G,G,A,A,T,C
user2236,A,A,A,A,A,A,C,C
user1833,A,A,G,G,A,G,C,C
user210,A,A,G,G,G,G,C,T
user1837,A,G,A,A,G,G,C,C
user216,A,A,G,G,A,A,C,T
user4106,A,A,G,G,A,A,C,T
user357,A,A,A,G,G,G,C,C
user3682,A,A,G,G,A,A,T,T
user4064,A,A,A,G,A,G,T,T
user3688,A,A,G,G,A,A,C,C
user3689,A,A,A,G,A,G,C,T
user1537,A,A,A,G,A,G,C,C
user609,A,A,G,G,A,A,C,C
user1532,A,A,A,A,A,G,C,C
user1531,A,A,G,G,A,G,C,T
user602,A,A,G,G,A,A,C,C
user4680,A,G,A,G,A,A,C,T
user607,A,A,G,G,G,G,C,T
user972,A,A,G,G,G,G,C,C
user3904,G,G,A,A,G,G,C,C
user3050,A,A,A,G,A,G,C,C
user4813,A,A,A,A,A,G,C,T
user4814,A,G,A,A,G,G,C,T
user69,A,G,A,A,G,G,C,C
user2901,A,A,A,A,A,G,C,C
user2907,A,G,A,G,A,A,C,T
user1221,A,A,G,G,G,G,C,C
user4201,A,A,A,G,A,A,T,C
user4200,A,A,G,G,A,A,C,C
user776,A,A,G,G,A,G,C,T
user777,A,G,A,G,A,G,C,C
user1013,A,A,A,G,A,A,C,C
user775,A,A,G,G,A,G,C,T
user1233,A,A,A,G,A,A,C,T
user4430,A,A,G,G,A,A,T,C
user4538,A,A,G,G,A,G,T,C
user2759,A,A,A,G,A,A,C,C
user323,A,G,A,G,G,G,C,C
user778,A,A,G,G,A,G,C,T
user779,A,A,G,G,A,G,C,C
user322,A,A,A,A,A,G,C,C
user678,A,G,A,A,A,G,C,C
user63,A,A,G,G,G,G,C,C
user64,A,A,G,G,A,G,C,C
user1085,A,A,G,G,A,A,C,C
user1129,A,A,G,G,A,G,C,T
user2998,A,A,A,G,G,G,C,C
user2628,G,G,A,A,G,G,C,C
user1125,A,A,A,G,A,G,C,T
user758,A,A,G,G,A,A,C,C
user4441,A,A,G,G,A,A,C,C
user4440,A,A,G,G,A,G,C,C
user2576,A,A,A,A,G,G,C,C
user806,A,A,G,G,A,A,C,C
user807,A,A,A,G,A,A,C,C
user556,A,G,A,G,G,G,T,T
user693,A,A,A,G,A,G,C,C
user554,A,G,A,G,A,A,C,T
user803,A,A,A,G,G,G,C,T
user808,A,A,G,G,A,A,C,T
user1066,A,A,G,G,A,G,C,C
user4428,A,G,A,A,A,A,C,T
user1717,A,A,G,G,A,A,C,C
user411,A,A,G,G,A,G,C,C
user55,A,A,G,G,A,G,C,C
user3979,A,A,A,A,A,G,C,C
user782,A,A,G,G,A,G,C,C
user781,A,G,G,G,A,G,C,T
user58,A,A,G,G,A,G,C,C
user3971,A,A,G,G,A,G,C,C
user2874,A,A,G,G,A,A,C,C
user3973,A,G,A,A,A,G,C,C
user2191,A,G,A,G,A,G,C,C
user898,A,A,G,G,A,G,C,C
user2056,A,A,G,G,A,G,C,C
user3883,A,G,A,G,A,A,C,C
user2681,A,A,G,G,A,G,C,T
user3885,A,A,G,G,G,G,C,C
user2274,A,A,G,G,A,G,C,T
user3486,A,A,A,A,A,G,C,C
user251,A,A,G,G,A,A,C,C
user253,A,A,G,G,A,G,C,C
user252,A,A,G,G,A,G,C,T
user1877,A,A,A,G,A,G,C,C
user215,A,A,G,G,A,A,C,C
user1875,A,A,G,G,A,A,C,C
user397,A,G,A,G,A,G,C,T
user2177,A,G,G,G,A,G,C,T
user258,A,A,G,G,G,G,C,C
user1975,A,A,A,G,G,G,C,C
user1970,A,A,G,G,A,A,C,C
user159,A,A,G,G,A,A,C,T
user154,A,G,A,G,G,G,C,C
user3478,A,A,A,G,A,A,C,C
user3375,A,G,A,A,G,G,C,C
user3090,A,A,A,G,A,A,C,C
user1375,A,G,A,A,A,G,C,T
user1379,A,A,G,G,G,G,C,C
user3622,A,A,A,G,A,A,C,C
user3624,A,A,G,G,A,A,C,C
user3625,A,A,A,G,A,G,C,C
user3626,A,A,A,G,A,G,C,C
user3399,A,G,A,G,G,G,C,C
user3257,A,G,A,G,A,G,C,C
user3393,A,G,A,G,A,A,T,C
user3394,A,A,A,G,A,G,C,C
user2307,A,A,G,G,A,A,C,T
user4797,A,A,A,G,A,A,T,T
user4796,A,A,A,G,A,A,C,C
user325,A,A,A,A,A,G,C,C
user4654,A,A,A,G,A,G,C,C
user328,A,G,A,G,A,G,C,C
user4651,A,A,G,G,A,G,T,T
user3655,A,G,G,G,A,G,C,T
user4159,A,A,G,G,A,G,C,C
user4095,A,A,A,G,A,A,T,T
user1114,A,A,A,A,A,A,C,T
user268,A,G,A,G,A,G,C,C
user637,A,A,G,G,A,G,T,T
user636,A,A,G,G,A,G,C,C
user2725,A,G,A,G,G,G,C,C
user1281,A,A,A,G,A,G,C,C
user1283,A,A,G,G,A,A,C,C
user1288,A,A,A,G,A,G,C,C
user2958,A,A,G,G,A,A,C,C
user500,A,A,A,G,A,G,C,T
user4482,A,G,A,G,A,G,C,C
user2153,A,G,A,A,A,G,C,C
user1279,A,A,G,G,A,A,C,T
user1275,A,A,A,G,A,A,C,T
user262,A,A,A,G,A,G,C,C
user1028,A,A,G,G,A,A,C,C
user1759,A,A,A,G,A,G,C,C
user189,A,G,A,A,A,A,C,C
user2004,A,A,G,G,A,A,C,T
user842,A,A,G,G,A,A,C,C
user2008,A,G,A,G,A,A,C,C
user2018,A,G,A,A,A,G,C,C
user180,A,A,G,G,A,A,C,C
user1026,A,A,G,G,A,A,C,C
user4507,A,A,A,A,G,G,C,C
user285,A,G,A,G,A,A,C,T
user4032,A,A,A,G,A,G,C,C
user749,A,A,G,G,A,G,C,T
user748,A,A,A,G,G,G,C,C
user1459,A,A,G,G,A,G,C,C
user745,A,A,A,G,A,A,C,C
user99,A,A,G,G,A,A,C,C
user90,A,A,A,G,A,G,C,T
user3454,A,A,A,G,G,G,C,T
user1103,A,A,G,G,A,A,C,T
user2718,A,G,A,G,A,A,C,C
user2616,A,G,A,G,A,G,C,C
user2715,A,A,G,G,G,A,C,C
user3581,A,A,G,G,G,G,C,C
user2101,A,A,G,G,A,G,C,C
user2507,A,A,G,G,A,G,C,C
user3992,A,A,A,G,A,G,T,T
user298,A,A,A,A,G,G,C,C
user440,A,A,A,G,G,G,C,C
user2456,A,G,A,G,A,A,C,T
user563,A,G,A,A,G,G,C,C
user1627,A,A,A,G,A,A,C,T
user118,A,A,A,G,A,G,C,C
user295,A,A,A,G,A,G,C,C
user294,A,A,G,G,G,G,C,C
user296,A,A,G,G,A,G,C,C
user3847,A,A,G,G,A,G,C,C
user3840,A,G,G,G,A,G,T,T
user3922,A,G,A,A,G,G,C,C
user3921,A,A,A,G,A,A,C,C
user595,A,A,A,G,A,G,C,T
user2826,A,A,G,G,A,G,C,T
user3531,A,A,G,G,A,A,C,C
user3532,A,A,G,G,A,A,C,C
user3196,A,G,A,G,A,G,C,T
user3660,A,A,G,G,G,G,C,C
user4484,A,A,G,G,A,G,C,T
user366,A,G,A,G,A,A,C,C
user363,A,A,G,G,A,A,C,T
user368,A,A,G,G,A,G,C,C
user1802,A,A,G,G,A,A,C,C
user160,A,A,G,G,A,G,C,T
user207,A,A,G,G,G,G,C,C
user204,A,A,G,G,A,G,C,T
user3695,A,A,A,G,A,G,C,T
user4111,A,A,A,G,G,G,T,T
user168,A,A,G,G,A,A,C,C
user4056,A,A,G,G,A,G,C,T
user4057,A,G,A,A,G,G,C,C
user3280,A,A,G,G,A,A,C,C
user3321,A,A,G,G,A,G,C,C
user3289,A,A,G,G,A,G,C,C
user3324,A,A,G,G,A,A,C,T
user3326,A,A,A,G,A,G,C,C
user3068,A,A,A,G,A,A,T,C
user3069,A,A,A,G,A,G,C,C
user943,A,G,A,G,A,G,C,C
user3821,A,A,G,G,G,G,C,T
user3104,A,A,A,G,A,G,C,C
user3265,A,G,G,G,A,A,C,T
user4399,A,A,G,G,A,G,C,C
user4230,A,A,A,G,G,G,C,C
user1235,A,A,A,G,A,A,C,C
user4602,A,A,A,G,A,A,T,C
user4605,A,A,A,G,A,G,C,T
user4604,A,A,A,G,G,G,T,C
user1330,A,A,G,G,G,G,C,T
user10,G,G,A,A,G,G,C,C
user2764,A,A,G,G,G,G,C,C
user4547,A,A,G,G,A,G,C,C
user704,A,A,G,G,G,G,C,C
user1142,A,A,A,A,G,G,C,C
user2687,A,A,A,G,A,G,C,T
user1147,A,A,G,G,A,A,C,C
user2000,A,A,G,G,A,A,C,T
user669,A,A,G,G,A,A,C,T
user202,A,A,G,G,A,A,C,C
user4029,A,A,A,G,A,G,C,T
user4879,A,A,G,G,A,A,T,T
user2960,A,G,A,A,G,G,C,C
user2964,A,G,A,G,A,G,C,C
user2966,A,A,A,A,G,G,C,C
user2969,A,A,G,G,A,A,T,T
user4502,A,A,A,G,A,G,C,C
user1668,A,G,A,G,G,G,C,C
user832,A,G,A,A,A,G,C,C
user836,A,A,G,G,A,A,C,T
user839,A,A,G,G,A,G,C,C
user3569,A,A,G,G,A,A,C,C
user845,A,A,G,G,A,A,C,T
user1466,A,G,A,G,A,A,C,C
user1467,A,A,A,G,A,A,C,C
user798,A,A,A,G,G,G,C,T
user799,A,G,A,G,G,G,C,C
user40,A,A,G,G,A,G,C,T
user44,G,G,A,A,G,G,C,C
user3967,A,A,G,G,A,G,C,T
user2421,A,A,A,G,A,G,C,T
user3965,A,G,A,G,A,G,C,C
user3964,A,A,A,A,A,A,C,C
user795,A,A,A,G,A,A,C,T
user497,A,A,G,G,A,G,C,T
user495,A,A,A,G,A,G,C,C
user887,A,A,G,G,A,G,C,C
user792,A,G,A,A,G,G,C,C
user4438,A,A,G,G,A,G,C,T
user2385,A,A,A,G,A,A,C,C
user1010,A,A,A,G,G,G,C,C
user1968,A,A,G,G,A,G,C,T
user241,A,A,G,G,A,A,C,T
user533,A,A,G,G,A,G,C,C
user1960,A,A,G,G,A,G,C,T
user1963,A,G,A,G,G,G,C,C
user539,A,A,A,G,A,A,C,C
user3499,A,A,A,G,A,G,C,C
user123,A,A,G,G,A,G,C,C
user4018,A,A,A,G,A,A,C,C
user126,A,G,A,G,A,G,C,T
user125,A,A,A,G,A,A,C,C
user124,A,G,A,G,A,G,C,T
user36,A,A,A,G,A,G,C,C
user4539,A,G,A,G,A,G,C,C
user33,A,G,A,A,G,G,C,C
user2542,A,G,A,A,G,G,C,T
user38,A,A,G,G,A,A,C,C
user3639,A,A,A,G,A,A,C,T
user3140,A,A,A,A,A,A,C,C
user2314,A,A,A,G,G,G,C,C
user4648,A,A,G,G,A,G,C,T
user4646,A,G,A,G,A,A,C,C
user4643,A,A,A,G,G,G,C,C
user330,A,A,G,G,A,G,C,T
user1996,A,A,A,G,A,G,C,C
user1991,A,G,A,G,A,A,C,C
user4084,A,G,A,G,A,G,C,T
user4173,A,A,G,G,A,G,C,T
user990,A,A,G,G,A,A,C,T
user991,A,A,G,G,A,G,T,C
user1514,A,A,G,G,A,A,C,T
user994,G,A,A,G,A,A,C,C
user3706,G,G,A,A,G,G,C,C
user2513,A,G,A,A,A,A,C,C
user1519,A,A,A,G,G,G,T,C
user1163,A,A,A,G,A,A,C,T
user2660,A,A,G,G,A,G,C,C
user3034,A,A,G,G,A,G,C,C
user3130,A,A,A,G,A,G,C,C
user4834,A,A,A,G,A,A,T,C
user4837,A,A,A,G,A,G,C,C
user288,A,A,A,G,G,G,C,T
user4833,A,A,A,G,A,G,C,C
user1196,A,A,G,G,A,A,C,T
user4346,A,A,A,G,G,G,C,T
user1566,A,A,A,A,G,G,C,T
user909,A,A,G,G,A,G,C,C
user1209,A,A,A,G,A,G,C,T
user903,A,A,G,G,A,G,T,T
user1039,A,A,G,G,A,G,T,T
user2035,A,A,A,A,G,G,C,C
user2030,A,A,G,G,A,G,C,C
user1033,A,G,A,A,G,G,C,C
user1036,A,A,A,G,A,A,C,T
user1035,A,A,A,G,A,A,T,C
user1034,A,A,A,A,A,G,C,C
user1424,A,A,G,G,A,A,C,C
user1588,A,A,G,G,A,A,T,T
user1420,A,G,A,A,A,A,C,C
user81,A,A,G,G,A,G,C,T
user754,A,A,A,G,A,G,C,C
user4577,A,A,A,A,A,A,C,T
user4763,A,A,G,G,A,G,C,C
user2648,A,A,G,G,A,G,C,C
user2720,A,A,A,G,A,G,T,T
user4587,A,A,G,G,A,A,C,C
user2729,A,A,A,G,A,A,C,C
user2645,A,G,A,G,G,G,C,C
user287,A,A,G,G,G,G,C,C
user3598,A,A,A,G,A,G,C,C
user2512,A,A,G,G,A,A,C,T
user280,A,G,A,G,A,G,C,T
user1,A,A,G,G,A,A,C,C
user2453,A,A,G,G,A,A,C,T
user2454,A,A,G,G,A,G,C,C
user2455,A,G,A,G,A,A,C,C
user8,A,A,A,A,A,G,C,T
user2457,A,A,A,G,G,G,C,T
user473,A,A,G,G,G,G,C,T
user572,A,G,A,G,A,G,C,C
user574,A,A,G,G,G,G,C,C
user3858,A,A,G,G,G,A,T,C
user4756,A,A,G,G,A,A,C,T
user3853,A,A,A,G,A,G,C,T
user1964,A,A,G,G,A,G,C,C
user3913,A,A,A,A,G,G,C,C
user3449,A,A,G,G,A,G,C,C
user2858,A,A,G,G,A,A,C,C
user74,A,A,G,G,A,G,C,T
user75,A,G,A,G,G,G,C,C
user4695,A,A,G,G,A,A,C,C
user2356,A,A,G,G,A,A,C,T
user2350,A,A,A,G,A,G,C,C
user2217,A,G,A,A,A,G,C,C
user2212,A,A,A,G,A,A,C,T
user4758,A,G,A,A,G,G,C,C
user2358,A,G,A,G,A,G,T,C
user175,A,A,A,G,A,G,C,C
user1952,A,A,A,G,A,G,C,C
user177,A,A,G,G,A,A,T,T
user4127,A,A,A,G,A,G,C,C
user1121,A,A,A,G,A,A,C,T
user4859,A,G,A,A,G,G,C,C
user276,A,A,A,A,A,G,C,T
user441,A,A,G,G,A,A,C,T
