user_id,rs7495174_1,rs7495174_2,rs12913832_1,rs12913832_2,rs4988235_1,rs4988235_2,rs2472297_1,rs2472297_2
2575,A,A,A,G,G,G,C,C
807,A,A,A,G,A,A,C,C
1060,A,A,A,A,A,A,C,C
554,A,G,A,G,A,A,C,T
704,A,A,G,G,G,G,C,C
3882,A,A,G,G,A,G,C,C
708,A,G,A,G,A,G,C,T
1147,A,A,G,G,A,A,C,C
990,A,A,G,G,A,A,C,T
1412,A,A,G,G,A,A,T,T
563,A,G,A,A,G,G,C,C
1718,A,A,G,G,A,A,C,C
411,A,A,G,G,A,G,C,C
1712,A,A,G,G,A,G,C,C
55,A,A,G,G,A,G,C,C
3974,A,A,A,G,A,A,C,C
262,A,A,A,G,A,G,C,C
2055,A,A,G,G,G,G,C,C
296,A,A,G,G,A,G,C,C
2050,A,G,A,G,A,A,C,C
842,A,A,G,G,A,A,C,C
2052,A,A,G,G,A,G,C,T
33,A,G,A,A,G,G,C,C
1077,A,A,G,G,A,G,C,C
1074,A,A,G,G,A,G,C,C
1173,A,G,A,A,G,G,C,T
1079,A,A,A,A,A,A,C,C
1269,A,A,A,A,A,A,C,T
3526,A,G,A,G,-,-,C,C
2983,A,A,G,G,A,G,C,C
1465,A,A,A,G,A,A,C,T
42,A,G,A,G,A,G,C,C
1975,A,A,A,G,G,G,C,C
4784,A,A,G,G,A,A,C,C
159,A,A,G,G,A,A,C,T
595,A,A,A,G,A,G,C,T
795,A,A,A,G,A,A,C,T
2288,A,G,A,A,A,G,C,C
2971,A,A,G,G,A,G,C,C
495,A,A,A,G,A,G,C,C
1319,A,A,A,G,A,G,C,C
1499,A,A,A,G,A,A,C,C
4257,A,A,A,G,A,G,C,C
646,A,A,G,G,A,A,T,T
279,A,A,A,A,A,A,C,C
430,A,G,A,G,A,G,C,C
2665,A,G,A,G,A,A,T,C
4763,A,A,G,G,A,G,C,C
721,A,G,A,G,A,A,C,C
1774,A,A,G,G,A,A,T,C
1777,A,A,A,G,G,G,C,T
1848,G,G,A,A,G,G,C,C
1778,A,G,A,G,G,G,C,C
2307,A,A,G,G,A,A,C,T
1566,A,A,A,A,G,G,C,T
325,A,A,A,A,A,G,C,C
3478,A,A,A,G,A,A,C,C
123,A,A,G,G,A,G,C,C
2164,A,A,A,G,A,A,C,C
4018,A,A,A,G,A,A,C,C
954,A,A,A,A,A,G,T,T
920,A,A,A,A,A,G,C,C
2076,A,A,G,G,A,A,C,C
926,A,A,A,G,A,A,C,T
1548,A,G,A,G,A,A,C,C
3655,A,G,G,G,A,G,C,T
1543,A,G,A,G,A,G,C,T
2393,A,A,G,G,A,A,T,C
3639,A,A,A,G,A,A,C,T
3775,A,A,A,A,A,G,C,C
4879,A,A,G,G,A,A,T,T
549,A,A,A,G,A,G,C,T
585,A,A,G,G,A,G,C,C
2797,A,A,G,G,A,G,C,C
1764,A,A,G,G,A,A,C,T
2155,A,A,A,G,A,G,T,T
2792,A,A,A,A,G,G,C,T
1449,A,A,G,G,A,A,C,T
2090,A,A,G,G,A,A,C,C
3025,A,A,G,G,A,G,C,C
139,A,A,G,G,A,G,C,T
337,A,A,G,G,A,G,C,C
4641,A,A,A,A,A,A,T,C
90,A,A,A,G,A,G,C,T
1996,A,A,A,G,A,G,C,C
4372,A,A,G,G,G,G,C,C
2557,A,G,A,G,A,A,C,C
781,A,G,G,G,A,G,C,T
1641,A,G,A,G,G,G,C,C
1028,A,A,G,G,A,A,C,C
4509,A,A,G,G,G,G,C,C
3334,A,A,A,G,G,G,C,C
991,A,A,G,G,A,G,T,C
1103,A,A,G,G,A,A,C,T
287,A,A,G,G,G,G,C,C
187,A,A,A,A,A,A,C,C
1024,A,A,G,G,A,G,C,T
2159,A,G,A,G,A,A,C,C
749,A,A,G,G,A,G,C,T
1029,A,A,A,A,G,G,C,C
2215,A,A,G,G,A,G,C,C
4342,A,A,G,G,G,G,C,C
341,A,A,G,G,A,A,C,T
347,A,A,G,G,A,A,C,C
1193,A,G,A,G,A,G,C,T
1987,A,A,A,G,A,G,T,T
11,A,A,A,A,G,G,C,C
13,A,A,A,A,G,G,C,C
14,A,A,A,G,A,A,C,C
17,A,A,G,G,A,G,C,C
3934,G,G,A,A,G,G,C,T
2635,A,A,G,G,G,G,C,C
1502,A,G,A,G,A,G,C,T
1039,A,A,G,G,A,G,T,T
4191,A,G,A,A,G,G,C,T
3624,A,A,G,G,A,A,C,C
610,A,A,A,A,A,G,C,C
1035,A,A,A,G,A,A,T,C
1742,A,A,G,G,A,A,C,C
2238,A,A,G,G,A,G,C,C
86,A,G,A,A,G,G,C,C
3046,A,A,A,G,A,G,C,C
758,A,A,G,G,A,A,C,C
693,A,A,A,G,A,G,C,C
80,A,A,G,G,G,G,C,C
1626,A,A,A,G,A,G,C,T
2237,A,A,A,G,G,G,C,C
4651,A,A,G,G,A,G,T,T
3840,A,G,G,G,A,G,T,T
814,A,A,A,G,G,G,C,C
3922,A,G,A,A,G,G,C,C
918,A,G,A,G,A,A,C,C
3018,A,A,A,G,A,A,C,T
4064,A,A,A,G,A,G,T,T
3530,A,A,A,A,G,G,C,T
775,A,A,G,G,A,G,C,T
915,A,A,G,G,A,A,C,T
1537,A,A,A,G,A,G,C,C
1,A,A,G,G,A,A,C,C
3668,A,A,G,G,A,G,C,T
8,A,A,A,A,A,G,C,T
1634,A,A,A,G,G,G,C,T
363,A,A,G,G,A,A,C,T
685,A,G,A,G,G,G,C,C
368,A,A,G,G,A,G,C,C
2903,A,A,G,G,A,G,C,C
2901,A,A,A,A,A,G,C,C
202,A,A,G,G,A,A,C,C
2067,A,A,A,G,G,G,C,C
1341,A,A,G,G,A,A,C,T
1887,A,G,A,G,A,G,C,C
3289,A,A,G,G,A,G,C,C
74,A,A,G,G,A,G,C,T
75,A,G,A,G,G,G,C,C
815,A,A,G,G,A,G,C,C
1409,A,G,A,G,A,A,T,T
2293,A,A,A,A,G,G,C,C
811,A,A,G,G,A,G,C,T
3670,A,A,A,G,A,G,C,C
2645,A,G,A,G,G,G,C,C
2758,A,A,G,G,A,G,C,T
3581,A,A,G,G,G,G,C,C
4888,A,A,G,G,A,A,C,C
779,A,A,G,G,A,G,C,C
2356,A,A,G,G,A,A,C,T
3990,A,A,G,G,A,G,C,C
613,A,G,A,G,A,A,C,T
468,A,A,G,G,A,A,C,C
4558,A,A,G,G,A,A,C,C
4801,A,A,A,G,A,G,C,C
463,A,A,G,G,A,A,C,C
1952,A,A,A,G,A,G,C,C
3865,A,A,G,G,A,A,C,C
4041,A,G,A,G,A,G,C,C
69,A,G,A,A,G,G,C,C
4601,A,A,G,G,G,G,C,T
3511,A,A,G,G,A,A,C,C
2023,A,A,G,G,A,A,C,C
2996,A,A,G,G,A,A,C,T
64,A,A,G,G,A,G,C,C
1123,A,A,G,G,A,A,C,C
