Organism/Name,BioProject,Group,SubGroup,Size (Kb),GC%,Segmemts,Genes,Proteins,Release Date,Modify Date
Borna disease virus,PRJNA14675,ssRNA viruses,Bornaviridae,8.91,50.1, Unknown:NC_001607.1/U04608.1,6,6,1/6/94,2/5/16
Hepatitis E virus,PRJNA15435,ssRNA viruses,Hepeviridae,7.176,57.9, Unknown:NC_001434.1/L08816.1,3,3,8/2/93,2/10/15
Human picobirnavirus,PRJNA15248,dsRNA viruses,Picobirnaviridae,4.27,46.0452, 1:NC_007026.1/AB186897.1;  2:NC_007027.1/AB186898.1,3,3,5/7/05,10/20/15
Human enteric coronavirus strain 4408,PRJNA39335,ssRNA viruses,Coronaviridae,30.953,37.1, Unknown:NC_012950.1/FJ938067.1,12,12,7/11/09,11/27/12
Aedes flavivirus,PRJNA39601,ssRNA viruses,Flaviviridae,11.064,50.1, Unknown:NC_012932.1/AB488408.1,1,1,7/8/09,12/16/14
Morogoro virus,PRJNA39791,ssRNA viruses,Arenaviridae,10.59,43.05, L:NC_013058.1/EU914104.1;  S:NC_013057.1/EU914103.1,4,4,7/31/09,12/3/09
Torque teno mini virus 8,PRJNA48135,ssDNA viruses,Anelloviridae,2.91,37.8, Unknown:NC_014068.1/AF291073.1,2,2,10/5/01,4/29/10
Torque teno virus 4,PRJNA48137,ssDNA viruses,Anelloviridae,3.69,53.6, Unknown:NC_014069.1/AB041957.1,2,2,12/14/00,4/29/10
Torque teno sus virus 1a,PRJNA48139,ssDNA viruses,Anelloviridae,2.878,51.6, Unknown:NC_014070.1/AB076001.1,3,3,4/18/02,5/12/15
Torque teno canis virus,PRJNA48141,ssDNA viruses,Anelloviridae,2.797,54.6, Unknown:NC_014071.1/AB076002.1,3,3,4/18/02,4/29/10
Torque teno felis virus,PRJNA48143,ssDNA viruses,Anelloviridae,2.064,54, Unknown:NC_014072.1/AB076003.1,3,3,4/18/02,4/29/10
Torque teno virus 28,PRJNA48145,ssDNA viruses,Anelloviridae,3.629,51.7, Unknown:NC_014073.1/AB064598.1,4,4,12/15/01,4/29/10
Torque teno virus 27,PRJNA48147,ssDNA viruses,Anelloviridae,3.729,53.4, Unknown:NC_014074.1/AB064595.1,4,4,12/15/01,4/29/10
Torque teno virus 12,PRJNA48149,ssDNA viruses,Anelloviridae,3.759,50.8, Unknown:NC_014075.1/AB064605.1,4,4,12/15/01,4/29/10
Torque teno virus 10,PRJNA48151,ssDNA viruses,Anelloviridae,3.77,51.2, Unknown:NC_014076.1/AB064607.1,4,4,12/15/01,4/29/10
Torque teno virus 14,PRJNA48153,ssDNA viruses,Anelloviridae,3.899,56.2, Unknown:NC_014077.1/AB037926.1,2,2,12/6/00,4/29/10
Torque teno virus 19,PRJNA48155,ssDNA viruses,Anelloviridae,3.808,53.8, Unknown:NC_014078.1/AB025946.2,2,2,7/3/99,4/29/10
Torque teno virus 26,PRJNA48157,ssDNA viruses,Anelloviridae,3.798,56.9, Unknown:NC_014079.1/AB041958.2,3,3,12/14/00,4/29/10
Torque teno virus 7,PRJNA48159,ssDNA viruses,Anelloviridae,3.736,48.4, Unknown:NC_014080.1/AF261761.1,3,3,7/12/00,4/29/10
Torque teno virus 3,PRJNA48161,ssDNA viruses,Anelloviridae,3.748,51.4, Unknown:NC_014081.1/AY666122.2,6,6,8/25/04,4/29/10
Torque teno mini virus 7,PRJNA48163,ssDNA viruses,Anelloviridae,2.952,36.2, Unknown:NC_014082.1/AB038627.1,2,2,4/4/00,4/29/10
Torque teno virus 25,PRJNA48165,ssDNA viruses,Anelloviridae,3.763,53.8, Unknown:NC_014083.1/AB041959.1,3,3,12/14/00,4/29/10
Torque teno virus 8,PRJNA48167,ssDNA viruses,Anelloviridae,3.79,50.9, Unknown:NC_014084.1/AB054647.1,4,4,7/3/01,4/29/10
Torque teno tamarin virus,PRJNA48169,ssDNA viruses,Anelloviridae,3.371,52.8, Unknown:NC_014085.1/AB041960.1,4,4,12/14/00,4/29/10
Torque teno mini virus 2,PRJNA48171,ssDNA viruses,Anelloviridae,2.765,39.4, Unknown:NC_014086.1/AB038629.1,3,3,4/4/00,4/29/10
Torque teno douroucouli virus,PRJNA48173,ssDNA viruses,Anelloviridae,3.718,60.3, Unknown:NC_014087.1/AB041961.1,3,3,12/14/00,4/29/10
Torque teno mini virus 3,PRJNA48175,ssDNA viruses,Anelloviridae,2.897,38, Unknown:NC_014088.1/AB038630.1,3,3,4/4/00,4/30/10
Torque teno mini virus 5,PRJNA48177,ssDNA viruses,Anelloviridae,2.908,37.1, Unknown:NC_014089.1/AB041962.1,3,3,12/14/00,4/30/10
Torque teno mini virus 4,PRJNA48179,ssDNA viruses,Anelloviridae,2.785,39.9, Unknown:NC_014090.1/AB041963.1,2,2,12/14/00,4/30/10
Torque teno virus 16,PRJNA48181,ssDNA viruses,Anelloviridae,3.818,51.1, Unknown:NC_014091.1/AB017613.1,2,2,7/14/99,4/30/10
Torque teno midi virus 2,PRJNA48185,ssDNA viruses,Anelloviridae,3.253,42.9, Unknown:NC_014093.1/AB290919.1,4,4,3/23/07,4/30/10
Torque teno virus 6,PRJNA48187,ssDNA viruses,Anelloviridae,3.705,50, Unknown:NC_014094.1/AF435014.1,4,4,11/7/01,4/30/10
Torque teno mini virus 6,PRJNA48189,ssDNA viruses,Anelloviridae,2.897,37.4, Unknown:NC_014095.1/AB026929.1,3,3,11/23/99,4/30/10
Torque teno virus 15,PRJNA48191,ssDNA viruses,Anelloviridae,3.787,51.1, Unknown:NC_014096.1/AB028668.1,2,2,4/27/00,4/30/10
Torque teno mini virus 1,PRJNA48193,ssDNA viruses,Anelloviridae,2.856,38.2, Unknown:NC_014097.1/AB026931.1,3,3,11/23/99,4/30/10
Bundibugyo virus,PRJNA51245,ssRNA viruses,Filoviridae,18.94,42, Unknown:NC_014373.1/FJ217161.1,7,9,11/21/08,11/12/14
Tai Forest ebolavirus,PRJNA51257,ssRNA viruses,Filoviridae,18.935,42.3, Unknown:NC_014372.1/FJ217162.1,7,9,11/21/08,11/12/14
Torque teno virus 2,PRJNA51893,ssDNA viruses,Anelloviridae,3.322,52.8, Unknown:NC_014480.2/AB049608.1,2,2,1/10/01,2/10/15
Great Island virus,PRJNA52641,dsRNA viruses,Reoviridae,17.858,57.7735, segment 1:NC_014522.1/HM543465.1;  segment 10:NC_014531.1/HM543474.1;  segment 2:NC_014523.1/HM543466.1;  segment 3:NC_014524.1/HM543467.1;  segment 4:NC_014525.1/HM543468.1;  segment 5:NC_014526.1/HM543469.1;  segment 6:NC_014527.1/HM543470.1;  segment 7:NC_014528.1/HM543471.1;  segment 8:NC_014529.1/HM543472.1;  segment 9:NC_014530.1/HM543473.1,11,11,9/13/10,11/18/10
Seal anellovirus TFFN/USA/2006,PRJNA63583,ssDNA viruses,Anelloviridae,2.164,46.8, Unknown:NC_015212.1/HQ287751.1,3,3,3/9/11,5/26/11
Candiru virus,PRJNA65423,ssRNA viruses,Bunyaviridae,12.495,39.5243, L:NC_015374.1/HM119407.1;  M:NC_015373.1/HM119408.1;  S:NC_015375.1/HM119409.1,4,4,4/2/11,4/22/11
Sandfly fever Turkey virus,PRJNA66185,ssRNA viruses,Bunyaviridae,12.603,43.6384, L:NC_015412.1/GQ847513.2;  M:NC_015411.1/GQ847512.2;  S:NC_015413.1/GQ847511.2,4,4,8/2/10,4/26/11
Simian virus 40,PRJNA14024,"dsDNA viruses, no RNA stage",Polyomaviridae,5.243,40.8, Unknown:NC_001669.1/J02400.1,8,7,8/3/93,3/9/11
Torque teno mini virus 9,PRJNA14058,ssDNA viruses,Anelloviridae,2.915,38.3, Unknown:NC_002195.1/AB038625.1,3,3,4/4/00,4/28/10
Adeno-associated virus - 2,PRJNA14060,ssDNA viruses,Parvoviridae,4.679,53.8, Unknown:NC_001401.2/AF043303.1,11,9,4/27/93,12/2/14
BK polyomavirus,PRJNA14074,"dsDNA viruses, no RNA stage",Polyomaviridae,5.153,39.5, Unknown:NC_001538.1/V01108.1,6,6,11/3/82,2/10/15
Human parvovirus B19,PRJNA14090,ssDNA viruses,Parvoviridae,5.596,43.8, Unknown:NC_000883.2/AY386330.1,6,6,8/2/99,2/10/15
Human herpesvirus 8,PRJNA14158,"dsDNA viruses, no RNA stage",Herpesviridae,137.969,53.8, Unknown:NC_009333.1/AF148805.2,96,86,8/2/99,4/23/10
Adeno-associated virus - 3,PRJNA14319,ssDNA viruses,Parvoviridae,4.726,53.9, Unknown:NC_001729.1/U48704.1,2,2,7/11/96,6/28/10
Human papillomavirus type 92,PRJNA14406,"dsDNA viruses, no RNA stage",Papillomaviridae,7.461,40, Unknown:NC_004500.1/AF531420.1,7,7,1/1/03,3/26/10
Adeno-associated virus - 5,PRJNA14426,ssDNA viruses,Parvoviridae,4.642,55.1, Unknown:NC_006152.1/AF085716.1,2,2,2/9/99,12/8/08
Human herpesvirus 5,PRJNA14559,"dsDNA viruses, no RNA stage",Herpesviridae,235.646,57.5, Unknown:NC_006273.2/AY446894.2,173,169,12/21/03,7/2/13
Human herpesvirus 7,PRJNA14625,"dsDNA viruses, no RNA stage",Herpesviridae,153.08,36.2, Unknown:NC_001716.2/AF037218.1,86,86,12/29/95,2/10/15
Rift Valley fever virus,PRJNA14631,ssRNA viruses,Bunyaviridae,11.979,45.1243, segment L:NC_014397.1/DQ375403.1;  segment M:NC_014396.1/DQ380206.1;  segment S:NC_014395.1/DQ380151.1,4,4,1/31/07,10/20/15
Bunyamwera virus,PRJNA14649,ssRNA viruses,Bunyaviridae,12.294,35.1611, L:NC_001925.1/X14383.1;  M:NC_001926.1/M11852.1;  S:NC_001927.1/D00353.1,4,4,9/30/88,10/20/15
Influenza B virus,PRJNA14656,ssRNA viruses,Orthomyxoviridae,14.452,40.1517, RNA 1:NC_002204.1/M14880.1;  RNA 2:NC_002205.1/AF101982.1;  RNA 3:NC_002206.1/AF102017.1;  RNA 4:NC_002207.1/K00423.1;  RNA 5:NC_002208.1/K01395.1;  RNA 6:NC_002209.1/J02095.1;  RNA 7:NC_002210.1/J02094.1;  RNA 8:NC_002211.1/J02096.1,11,11,6/30/87,1/6/16
Vesicular stomatitis Indiana virus,PRJNA14673,ssRNA viruses,Rhabdoviridae,11.161,41.7, Unknown:NC_001560.1/J02428.1,5,6,3/15/89,3/9/11
Bovine respiratory syncytial virus,PRJNA14697,ssRNA viruses,Paramyxoviridae,15.14,33.6, Unknown:NC_001989.1/AF092942.1,12,11,12/17/98,11/23/09
Zaire ebolavirus,PRJNA14703,ssRNA viruses,Filoviridae,18.959,41.1, Unknown:NC_002549.1/AF086833.2,7,9,2/10/99,3/30/15
Human parainfluenza virus 3,PRJNA14706,ssRNA viruses,Paramyxoviridae,15.462,34.5, Unknown:NC_001796.2/AB012132.1,8,8,9/1/98,2/10/15
Avian paramyxovirus 6,PRJNA14719,ssRNA viruses,Paramyxoviridae,16.236,46.3, Unknown:NC_003043.1/AY029299.1,7,7,8/1/01,3/11/10
Tupaia paramyxovirus,PRJNA14723,ssRNA viruses,Paramyxoviridae,17.904,39, Unknown:NC_002199.1/AF079780.2,6,8,5/5/99,6/6/10
Australian bat lyssavirus,PRJNA14730,ssRNA viruses,Rhabdoviridae,11.822,44.2, Unknown:NC_003243.1/AF081020.2,5,5,8/10/99,11/30/09
Human parainfluenza virus 1,PRJNA14743,ssRNA viruses,Paramyxoviridae,15.6,37.2, Unknown:NC_003461.1/AF457102.1,10,10,3/15/02,5/6/09
Andes virus,PRJNA14746,ssRNA viruses,Bunyaviridae,12.104,38.5428, L:NC_003468.2/AF291704.5;  M:NC_003467.2/AF291703.2;  S:NC_003466.1/AF291702.1,4,4,10/10/00,11/17/10
Eyach virus,PRJNA14786,dsRNA viruses,Reoviridae,29.21,45.731, segment 1:NC_003696.1/AF282467.1;  segment 10:NC_003705.1/AF282476.1;  segment 11:NC_003706.1/AF282477.1;  segment 12:NC_003707.1/AF282478.1;  segment 2:NC_003697.1/AF282468.1;  segment 3:NC_003698.1/AF282469.1;  segment 4:NC_003699.1/AF282470.1;  segment 5:NC_003700.1/AF282471.1;  segment 6:NC_003701.1/AF282472.1;  segment 7:NC_003702.1/AF282473.1;  segment 8:NC_003703.1/AF282474.1;  segment 9:NC_003704.1/AF282475.1,13,13,4/23/02,12/9/10
Zygosaccharomyces bailii virus Z,PRJNA14823,dsRNA viruses,Totiviridae,3.157,36.9, Unknown:NC_003874.1/AF224490.1,2,2,3/2/00,11/30/09
Tioman virus,PRJNA14846,ssRNA viruses,Paramyxoviridae,15.522,43.4, Unknown:NC_004074.1/AF298895.2,6,8,6/19/01,11/30/09
La Crosse virus,PRJNA14847,ssRNA viruses,Bunyaviridae,12.491,36.6648, L:NC_004108.1/AF528165.1;  M:NC_004109.1/AF528166.1;  S:NC_004110.1/AF528167.1,4,4,8/13/02,11/30/09
Dugbe virus,PRJNA14851,ssRNA viruses,Bunyaviridae,18.859,40.1742, L:NC_004159.1/U15018.1;  M:NC_004158.1/M94133.1;  S:NC_004157.1/AF434161.1,3,3,10/7/92,10/20/15
Colorado tick fever virus,PRJNA14857,dsRNA viruses,Reoviridae,29.174,46.547, segment 1:NC_004181.1/AF133428.1;  segment 10:NC_004189.1/AF139765.1;  segment 11:NC_004191.1/U72694.1;  segment 12:NC_004190.1/U53227.1;  segment 2:NC_004182.1/AF139758.1;  segment 3:NC_004183.1/AF139759.1;  segment 4:NC_004184.1/AF139760.1;  segment 5:NC_004185.1/AF139761.1;  segment 6:NC_004186.1/AF139762.1;  segment 7:NC_004187.1/AF139763.1;  segment 8:NC_004188.1/AF139764.1;  segment 9:NC_004180.1/AF000720.1,13,13,4/25/96,10/20/15
Kadipiro virus,PRJNA14858,dsRNA viruses,Reoviridae,20.985,37.5418,chromosome segment 1:NC_004210.1/AF133429.1; chromosome segment 10:NC_004206.1/AF052020.1;  segment 11:NC_004205.1/AF052019.1; chromosome segment 12:NC_004199.1/AF019909.1; chromosome segment 2:NC_004212.1/AF134509.1; chromosome segment 3:NC_004213.1/AF134510.1; chromosome segment 4:NC_004214.1/AF134511.1; chromosome segment 5:NC_004215.1/AF134512.1; chromosome segment 6:NC_004216.1/AF134513.1;  segment 7:NC_004209.1/AF052023.1; chromosome segment 8:NC_004208.1/AF052022.1; chromosome segment 9:NC_004207.1/AF052021.1,12,12,11/6/98,4/28/10
Lymphocytic choriomeningitis mammarenavirus,PRJNA14862,ssRNA viruses,Arenaviridae,10.056,42.3136, L:NC_004291.1/J04331.1;  S:NC_004294.1/M20869.1,4,4,6/15/89,10/20/15
Tacaribe mammarenavirus,PRJNA14863,ssRNA viruses,Arenaviridae,10.534,41.7751, segment L:NC_004292.1/J04340.1;  segment S:NC_004293.1/M20304.1,4,4,9/15/90,10/20/15
Goose paramyxovirus SF02,PRJNA14895,ssRNA viruses,Paramyxoviridae,15.192,46.6, Unknown:NC_005036.1/AF473851.2,6,6,2/27/02,11/30/09
Kamiti River virus,PRJNA14896,ssRNA viruses,Flaviviridae,11.375,50.3, Unknown:NC_005064.1/AY149905.1,2,2,5/2/03,6/26/12
Uukuniemi virus,PRJNA14902,ssRNA viruses,Bunyaviridae,11.372,47.696, segment L:NC_005214.1/D10759.1; chromosome segment M:NC_005220.1/M17417.1;  segment S:NC_005221.1/M33551.1,4,4,11/24/92,6/28/10
Hendra virus,PRJNA14911,ssRNA viruses,Paramyxoviridae,18.234,39.4, Unknown:NC_001906.3/AF017149.3,6,8,7/1/98,8/7/13
Human coronavirus 229E,PRJNA14913,ssRNA viruses,Coronaviridae,27.317,38.3, Unknown:NC_002645.1/AF304460.1,7,8,1/11/01,4/28/10
Mossman virus,PRJNA14915,ssRNA viruses,Paramyxoviridae,16.65,41.3, Unknown:NC_005339.1/AY286409.1,6,8,12/29/03,6/10/10
Pirital mammarenavirus,PRJNA14919,ssRNA viruses,Arenaviridae,10.482,40.489, segment L:NC_005897.1/AY494081.1;  segment S:NC_005894.1/AF485262.1,4,4,9/16/02,12/1/09
Hantaan virus,PRJNA14929,ssRNA viruses,Bunyaviridae,11.845,38.5469, L:NC_005222.1/X55901.1;  M:NC_005219.1/M14627.1;  S:NC_005218.1/M14626.1,3,3,4/8/87,11/30/09
Puumala virus,PRJNA14930,ssRNA viruses,Bunyaviridae,12.062,36.9773, L:NC_005225.1/Z66548.1;  M:NC_005223.1/X61034.1;  S:NC_005224.1/X61035.1,3,3,8/2/91,2/5/11
Machupo mammarenavirus,PRJNA14931,ssRNA viruses,Arenaviridae,10.635,41.7761, segment L:NC_005079.1/AY358021.2;  segment S:NC_005078.1/AY129248.1,4,4,9/25/02,11/30/09
Tula virus,PRJNA14936,ssRNA viruses,Bunyaviridae,12.066,38.0407, segment L:NC_005226.1/AJ005637.1;  segment M:NC_005228.1/Z69993.1;  segment S:NC_005227.2/Z49915.1,4,4,11/20/95,2/10/15
Guanarito mammarenavirus,PRJNA14939,ssRNA viruses,Arenaviridae,10.424,40.6621, L:NC_005082.1/AY358024.2;  S:NC_005077.1/AY129247.1,4,4,9/25/02,11/30/09
Oropouche virus,PRJNA14943,ssRNA viruses,Bunyaviridae,11.985,35.3854, segment L:NC_005776.1/AF484424.1;  segment M:NC_005775.1/AF441119.1;  segment S:NC_005777.1/AY237111.1,4,4,12/24/02,12/1/09
Human coronavirus NL63,PRJNA14960,ssRNA viruses,Coronaviridae,27.553,34.5, Unknown:NC_005831.2/AY567487.2,6,6,3/17/04,11/17/10
Fer-de-Lance paramyxovirus,PRJNA14985,ssRNA viruses,Paramyxoviridae,15.378,43.1, Unknown:NC_005084.2/AY141760.2,8,8,9/1/03,8/21/15
Human immunodeficiency virus 2,PRJNA14991,Retro-transcribing viruses,Retroviridae,10.359,45.7, Unknown:NC_001722.1/M30502.1,8,9,8/2/93,4/22/09
Omsk hemorrhagic fever virus,PRJNA14995,ssRNA viruses,Flaviviridae,10.787,53.6, Unknown:NC_005062.1/AY193805.1,1,1,8/8/03,12/1/09
Chikungunya virus,PRJNA14998,ssRNA viruses,Togaviridae,11.826,50, Unknown:NC_004162.2/AF369024.2,3,3,9/6/02,6/27/12
Bovine parainfluenza virus 3,PRJNA15001,ssRNA viruses,Paramyxoviridae,15.456,36, Unknown:NC_002161.1/AF178654.1,6,6,1/27/00,12/8/08
Canine distemper virus,PRJNA15002,ssRNA viruses,Paramyxoviridae,15.69,43, Unknown:NC_001921.1/AF014953.1,7,7,7/21/98,11/30/09
Human respiratory syncytial virus,PRJNA15003,ssRNA viruses,Paramyxoviridae,15.225,33.6, Unknown:NC_001781.1/AF013254.1,10,11,11/2/97,11/30/09
Respiratory syncytial virus,PRJNA15004,ssRNA viruses,Paramyxoviridae,15.191,33.2, Unknown:NC_001803.1/U39661.1,12,10,3/28/97,11/23/09
Sin Nombre virus,PRJNA15005,ssRNA viruses,Bunyaviridae,12.317,38.3975, segment L:NC_005217.1/L37901.1;  segment M:NC_005215.1/L25783.1;  segment S:NC_005216.1/L25784.1,4,4,1/19/94,10/20/15
Reston ebolavirus,PRJNA15006,ssRNA viruses,Filoviridae,18.891,40.6, Unknown:NC_004161.1/AF522874.1,8,8,9/4/02,11/12/14
Pichinde mammarenavirus,PRJNA15008,ssRNA viruses,Arenaviridae,10.416,41.8443, segment L:NC_006439.1/AF427517.1;  segment S:NC_006447.1/K02734.1,4,4,11/11/85,11/30/09
Sudan ebolavirus,PRJNA15012,ssRNA viruses,Filoviridae,18.875,41.3, Unknown:NC_006432.1/AY729654.1,7,8,9/25/04,11/12/14
Mokola virus,PRJNA15013,ssRNA viruses,Rhabdoviridae,11.94,44.4, Unknown:NC_006429.1/Y09762.1,5,5,2/6/97,2/10/15
Parainfluenza virus 5,PRJNA15014,ssRNA viruses,Paramyxoviridae,15.246,42.3, Unknown:NC_006430.1/AF052755.1,7,8,3/21/98,3/11/10
Sendai virus,PRJNA15023,ssRNA viruses,Paramyxoviridae,15.384,46.1, Unknown:NC_001552.1/AB005795.1,9,10,1/17/98,3/9/11
Crimean-Congo hemorrhagic fever virus,PRJNA15026,ssRNA viruses,Bunyaviridae,19.146,42.2463, L:NC_005301.3/AY389361.2;  M:NC_005300.2/AF467768.2;  S:NC_005302.1/U88410.1,3,3,3/4/97,12/8/08
Seoul virus,PRJNA15027,ssRNA viruses,Bunyaviridae,11.95,38.9753, L:NC_005238.1/X56492.1;  M:NC_005237.1/S47716.1;  S:NC_005236.1/AY273791.1,3,3,7/23/91,12/8/08
Junin mammarenavirus,PRJNA15028,ssRNA viruses,Arenaviridae,10.525,41.5667, L:NC_005080.1/AY358022.2;  S:NC_005081.1/AY358023.2,4,4,8/24/03,12/1/09
Mopeia Lassa virus reassortant 29,PRJNA15036,ssRNA viruses,Arenaviridae,10.673,43.11, segment L:NC_006572.1/AY772167.1;  segment S:NC_006573.1/AY772168.1,4,4,11/15/04,10/20/15
Mopeia virus AN20410,PRJNA15037,ssRNA viruses,Arenaviridae,10.698,43.461, segment L:NC_006574.1/AY772169.1;  segment S:NC_006575.1/AY772170.1,4,4,11/15/04,12/1/09
Thogoto virus,PRJNA15043,ssRNA viruses,Orthomyxoviridae,10.461,48.0266, 1:NC_006508.1/Y17873.1;  2:NC_006495.1/AF004985.1;  3:NC_006496.1/AF006073.1;  4:NC_006506.1/M77280.1;  5:NC_006507.1/X96872.1;  6:NC_006504.1/AF527531.1,7,7,2/11/92,8/22/14
Hantavirus Z10,PRJNA15044,ssRNA viruses,Bunyaviridae,11.85,39.3134, L:NC_006435.1/AF189155.1;  M:NC_006437.1/AF276987.1;  S:NC_006433.1/AF184987.1,3,3,10/7/99,11/30/09
Usutu virus,PRJNA15047,ssRNA viruses,Flaviviridae,11.066,51, Unknown:NC_006551.1/AY453411.1,2,2,10/5/04,6/20/12
Rinderpest virus (strain Kabete O),PRJNA15050,ssRNA viruses,Paramyxoviridae,15.882,48, Unknown:NC_006296.2/X98291.3,7,7,6/5/96,2/5/11
Sandfly fever Naples virus,PRJNA15053,ssRNA viruses,Bunyaviridae,12.488,44.5977, segment L:NC_006319.1/X68414.1;  segment M:NC_006320.1/X89628.1;  segment S:NC_006318.1/X53794.1,4,4,3/11/91,10/20/15
Sabia mammarenavirus,PRJNA15054,ssRNA viruses,Arenaviridae,10.499,39.6748, segment L:NC_006313.1/AY358026.2;  segment S:NC_006317.1/U41071.1,4,4,8/6/96,11/30/09
Influenza C virus (C/Ann Arbor/1/50),PRJNA15055,ssRNA viruses,Orthomyxoviridae,12.555,37.2653, segment 1:NC_006307.1/AB126191.2;  segment 2:NC_006308.1/AB126192.2;  segment 3:NC_006309.1/AB126193.2;  segment 4:NC_006310.1/AB126194.2;  segment 5:NC_006311.1/AB126195.1;  segment 6:NC_006312.1/AB126196.2;  segment 7:NC_006306.2/AB283001.1,9,9,6/29/04,8/22/14
Yokose virus,PRJNA15118,ssRNA viruses,Flaviviridae,10.857,47, Unknown:NC_005039.1/AB114858.1,1,1,7/17/03,8/11/06
Human coronavirus HKU1,PRJNA15139,ssRNA viruses,Coronaviridae,29.926,32.1, Unknown:NC_006577.2/AY597011.2,8,8,12/21/04,2/10/15
Rabies virus,PRJNA15144,ssRNA viruses,Rhabdoviridae,11.932,45.1, Unknown:NC_001542.1/M13215.1,5,5,9/15/89,12/8/08
Karshi virus,PRJNA15149,ssRNA viruses,Flaviviridae,10.653,54.4, Unknown:NC_006947.1/AY863002.1,1,1,1/24/05,12/1/09
Banna virus strain JKT-6423,PRJNA15178,dsRNA viruses,Reoviridae,20.682,39.3541, segment 1:NC_004211.1/AF133430.1;  segment 10:NC_004201.1/AF052015.1;  segment 11:NC_004200.1/AF052014.1;  segment 12:NC_004198.1/AF019908.1;  segment 2:NC_004217.1/AF134514.1;  segment 3:NC_004218.1/AF134515.1;  segment 4:NC_004219.1/AF134516.1;  segment 5:NC_004220.1/AF134517.1;  segment 6:NC_004221.1/AF134518.1;  segment 7:NC_004204.1/AF052018.1;  segment 8:NC_004203.1/AF052017.1;  segment 9:NC_004202.1/AF052016.1,12,12,11/6/98,12/8/08
Variola virus,PRJNA15197,"dsDNA viruses, no RNA stage",Poxviridae,185.578,32.7, Unknown:NC_001611.1/X69198.1,197,197,5/4/93,11/23/10
Human herpesvirus 3,PRJNA15198,"dsDNA viruses, no RNA stage",Herpesviridae,124.884,46, Unknown:NC_001348.1/X04370.1,73,73,9/19/87,2/10/15
Marburg marburgvirus,PRJNA15199,ssRNA viruses,Filoviridae,19.111,38.3, Unknown:NC_001608.3/DQ217792.1,7,7,1/26/94,11/12/14
Dolphin morbillivirus,PRJNA15215,ssRNA viruses,Paramyxoviridae,15.702,42.6, Unknown:NC_005283.1/AJ608288.1,6,7,11/21/03,2/4/11
Human herpesvirus 1,PRJNA15217,"dsDNA viruses, no RNA stage",Herpesviridae,152.222,68.3, Unknown:NC_001806.2/JN555585.1,79,77,4/3/90,5/12/15
Simian virus 41,PRJNA15220,ssRNA viruses,Paramyxoviridae,15.45,42.9, Unknown:NC_006428.1/X64275.1,11,7,12/1/93,5/9/07
Vaccinia virus,PRJNA15241,"dsDNA viruses, no RNA stage",Poxviridae,194.711,33.3, Unknown:NC_006998.1/AY243312.1,223,223,4/10/03,8/6/15
Torque teno virus 1,PRJNA15247,ssDNA viruses,Anelloviridae,3.852,49.1, Unknown:NC_002076.2/AB041007.1,3,3,3/13/98,4/28/10
Pneumonia virus of mice J3666,PRJNA15251,ssRNA viruses,Paramyxoviridae,14.885,40.2, Unknown:NC_006579.1/AY743909.1,12,12,12/25/04,1/7/10
Yellow fever virus,PRJNA15284,ssRNA viruses,Flaviviridae,10.862,49.7, Unknown:NC_002031.1/X03700.1,1,1,11/18/86,2/10/15
Enterovirus D,PRJNA15297,ssRNA viruses,Picornaviridae,7.39,42.8, Unknown:NC_001430.1/D00820.1,1,1,4/29/93,2/10/15
Powassan virus,PRJNA15304,ssRNA viruses,Flaviviridae,10.839,53.3, Unknown:NC_003687.1/L06436.1,1,1,6/14/93,12/8/08
Human rhinovirus B14,PRJNA15309,ssRNA viruses,Picornaviridae,7.212,40.6, Unknown:NC_001490.1/K02121.1,1,1,9/3/85,3/24/14
Japanese encephalitis virus,PRJNA15310,ssRNA viruses,Flaviviridae,10.976,51.4, Unknown:NC_001437.1/M18370.1,2,2,8/2/93,2/10/15
O'nyong-nyong virus,PRJNA15311,ssRNA viruses,Togaviridae,11.835,48.3, Unknown:NC_001512.1/M20303.1,4,3,9/15/90,6/27/12
Dobrava-Belgrade virus,PRJNA15319,ssRNA viruses,Bunyaviridae,11.84,39.2026, L:NC_005235.1/AJ410617.1;  M:NC_005234.1/AJ410616.1;  S:NC_005233.1/AJ410615.1,3,3,3/27/03,3/9/15
Cell fusing agent virus,PRJNA15326,ssRNA viruses,Flaviviridae,10.695,51.3, Unknown:NC_001564.1/M91671.1,1,1,8/3/92,2/10/15
Rhinovirus A,PRJNA15330,ssRNA viruses,Picornaviridae,7.152,39, Unknown:NC_001617.1/A10937.1,1,1,9/22/93,3/24/14
Tick-borne encephalitis virus,PRJNA15335,ssRNA viruses,Flaviviridae,11.141,53.8, Unknown:NC_001672.1/U27495.1,1,1,9/5/95,2/10/15
Louping ill virus,PRJNA15343,ssRNA viruses,Flaviviridae,10.871,54.9, Unknown:NC_001809.1/Y07863.1,1,1,4/29/97,2/10/15
Rio Bravo virus,PRJNA15368,ssRNA viruses,Flaviviridae,10.14,43.2, Unknown:NC_003675.1/AF144692.1,1,1,3/3/00,2/10/15
Apoi virus,PRJNA15369,ssRNA viruses,Flaviviridae,10.116,48.4, Unknown:NC_003676.1/AF160193.1,1,1,5/19/00,2/10/15
Langat virus,PRJNA15370,ssRNA viruses,Flaviviridae,10.943,54.3, Unknown:NC_003690.1/AF253419.1,1,1,6/11/00,11/30/09
Alkhumra hemorrhagic fever virus,PRJNA15387,ssRNA viruses,Flaviviridae,10.685,54.1, Unknown:NC_004355.1/AF331718.1,1,1,9/29/01,12/8/08
Mayaro virus,PRJNA15392,ssRNA viruses,Togaviridae,11.411,50.4, Unknown:NC_003417.1/AF237947.1,4,4,2/22/02,6/27/12
Modoc virus,PRJNA15393,ssRNA viruses,Flaviviridae,10.6,45.5, Unknown:NC_003635.1/AJ242984.1,1,1,2/23/02,5/6/09
Tamana bat virus,PRJNA15398,ssRNA viruses,Flaviviridae,10.053,38.4, Unknown:NC_003996.1/AF285080.1,1,1,4/17/02,2/10/15
Montana myotis leukoencephalitis virus,PRJNA15402,ssRNA viruses,Flaviviridae,10.69,44.1, Unknown:NC_004119.1/AJ299445.1,1,1,8/22/02,5/6/09
Human parainfluenza virus 2,PRJNA15421,ssRNA viruses,Paramyxoviridae,15.646,38.4, Unknown:NC_003443.1/X57559.1,6,7,7/10/91,2/10/15
Hepatitis B virus,PRJNA15428,Retro-transcribing viruses,Hepadnaviridae,3.182,48.5, Unknown:NC_003977.2/V01460.1,4,7,6/9/82,10/23/15
Murray Valley encephalitis virus,PRJNA15430,ssRNA viruses,Flaviviridae,11.014,48.7, Unknown:NC_000943.1/AF161266.1,2,2,11/2/99,2/10/15
Newcastle disease virus B1,PRJNA15433,ssRNA viruses,Paramyxoviridae,15.186,46.2, Unknown:NC_002617.1/AF309418.1,6,6,12/2/00,11/30/09
Mamastrovirus 1,PRJNA15436,ssRNA viruses,Astroviridae,6.813,44.8, Unknown:NC_001943.1/Z25771.1,2,2,11/1/93,2/10/15
Nipah virus,PRJNA15443,ssRNA viruses,Paramyxoviridae,18.246,38.2, Unknown:NC_002728.1/AF212302.2,6,9,6/1/00,12/12/12
GB virus C,PRJNA15467,ssRNA viruses,Flaviviridae,9.392,59.1, Unknown:NC_001710.1/U44402.1,1,1,1/27/96,12/8/08
JC polyomavirus,PRJNA15477,"dsDNA viruses, no RNA stage",Polyomaviridae,5.13,40.4, Unknown:NC_001699.1/J02226.1,6,6,3/15/89,4/5/12
Human papillomavirus type 96,PRJNA15488,"dsDNA viruses, no RNA stage",Papillomaviridae,7.438,40.3, Unknown:NC_005134.2/AY382779.2,7,7,10/3/03,3/26/10
Human metapneumovirus,PRJNA15498,ssRNA viruses,Paramyxoviridae,13.335,36.4, Unknown:NC_004148.2/AY297749.1,8,9,6/17/01,12/8/08
Peste-des-petits-ruminants virus,PRJNA15499,ssRNA viruses,Paramyxoviridae,15.948,48.1, Unknown:NC_006383.2/AJ849636.2,8,8,10/15/04,3/21/15
Norwalk virus,PRJNA15520,ssRNA viruses,Caliciviridae,7.654,48, Unknown:NC_001959.2/M87661.2,3,3,8/2/93,2/29/16
J-virus,PRJNA15892,ssRNA viruses,Paramyxoviridae,18.954,41, Unknown:NC_007454.1/AY900001.1,8,11,8/3/05,12/1/09
Human bocavirus,PRJNA15895,ssDNA viruses,Parvoviridae,5.299,42.3, Unknown:NC_007455.1/DQ000496.1,4,4,8/24/05,1/28/10
Rotavirus C,PRJNA16140,dsRNA viruses,Reoviridae,17.91,31.6777, 1:NC_007547.1/AJ304859.1;  10:NC_007569.1/M81488.2;  11:NC_007573.1/X83967.1;  2:NC_007546.1/AJ303139.1;  3:NC_007572.1/X79442.1;  4:NC_007574.1/X96697.1;  5:NC_007570.1/X59843.2;  6:NC_007543.1/AJ132203.1;  7:NC_007544.1/AJ132204.1;  8:NC_007571.1/X77257.1;  9:NC_007545.1/AJ132205.1,11,11,7/17/92,12/8/08
Adult diarrheal rotavirus strain J19,PRJNA16144,dsRNA viruses,Reoviridae,17.961,33.509, 1:NC_007548.1/DQ113897.1;  10:NC_007557.1/DQ113906.1;  11:NC_007558.1/DQ113907.1;  2:NC_007549.1/DQ113898.1;  3:NC_007551.1/DQ113900.1;  4:NC_007550.1/DQ113899.1;  5:NC_007552.1/DQ113901.1;  6:NC_007553.1/DQ113902.1;  7:NC_007555.1/DQ113904.1;  8:NC_007554.1/DQ113903.1;  9:NC_007556.1/DQ113905.1,11,11,8/15/05,9/18/08
St. Louis encephalitis virus,PRJNA16150,ssRNA viruses,Flaviviridae,10.94,49.7, Unknown:NC_007580.2/DQ525916.1,1,1,11/4/05,12/8/08
Menangle virus,PRJNA16205,ssRNA viruses,Paramyxoviridae,15.516,42.3, Unknown:NC_007620.1/AF326114.2,6,7,6/14/01,12/1/09
Avian metapneumovirus,PRJNA16240,ssRNA viruses,Paramyxoviridae,14.071,41.4, Unknown:NC_007652.1/DQ009484.1,9,9,11/19/05,3/11/10
Liao ning virus,PRJNA16336,dsRNA viruses,Reoviridae,20.739,41.3639, 1:NC_007736.1/AY701339.1;  10:NC_007745.1/AY701348.1;  11:NC_007746.1/AY701349.1;  12:NC_007747.1/AY701350.1;  2:NC_007737.1/AY701340.1;  3:NC_007738.1/AY701341.1;  4:NC_007739.1/AY701342.1;  5:NC_007740.1/AY701343.1;  6:NC_007741.1/AY701344.1;  7:NC_007742.1/AY701345.1;  8:NC_007743.1/AY701346.1;  9:NC_007744.1/AY701347.1,12,12,12/25/05,12/1/09
Mobala mammarenavirus,PRJNA16582,ssRNA viruses,Arenaviridae,10.705,40.9261, L:NC_007904.1/DQ328876.1;  S:NC_007903.1/AY342390.1,4,4,3/6/06,8/14/08
Beilong virus,PRJNA16630,ssRNA viruses,Paramyxoviridae,19.212,42.8, Unknown:NC_007803.1/DQ100461.1,8,11,2/24/06,3/30/06
Ippy mammarenavirus,PRJNA16633,ssRNA viruses,Arenaviridae,10.682,41.4071, L:NC_007906.1/DQ328878.1;  S:NC_007905.1/DQ328877.1,4,4,3/6/06,8/14/08
Murine norovirus 1,PRJNA17577,ssRNA viruses,Caliciviridae,7.382,56.7, Unknown:NC_008311.1/DQ285629.1,4,4,12/4/05,2/29/16
Culex flavivirus,PRJNA18303,ssRNA viruses,Flaviviridae,10.837,53, Unknown:NC_008604.2/AB262759.2,2,2,11/15/06,6/25/12
Sepik virus,PRJNA18513,ssRNA viruses,Flaviviridae,10.793,47.3, Unknown:NC_008719.1/DQ837642.1,1,1,12/19/06,12/8/08
Entebbe bat virus,PRJNA18515,ssRNA viruses,Flaviviridae,10.51,50.5, Unknown:NC_008718.1/DQ837641.1,1,1,12/19/06,12/8/08
KI polyomavirus,PRJNA19155,"dsDNA viruses, no RNA stage",Polyomaviridae,5.04,39.4, Unknown:NC_009238.1/EF127906.1,5,5,2/28/07,3/26/10
Kokobera virus,PRJNA18843,ssRNA viruses,Flaviviridae,10.874,49.8, Unknown:NC_009029.2/AY632541.4,1,1,10/30/05,12/4/13
Ilheus virus,PRJNA18845,ssRNA viruses,Flaviviridae,10.755,52.3, Unknown:NC_009028.2/AY632539.4,1,1,10/30/05,4/15/10
Aroa virus,PRJNA18847,ssRNA viruses,Flaviviridae,10.815,49.9, Unknown:NC_009026.2/AY632536.4,1,1,10/30/05,8/14/09
Torque teno midi virus 1,PRJNA19131,ssDNA viruses,Anelloviridae,3.245,42.6, Unknown:NC_009225.1/AB290917.1,4,4,3/23/07,4/28/10
Mapuera virus,PRJNA19651,ssRNA viruses,Paramyxoviridae,15.486,44.7, Unknown:NC_009489.1/EF095490.1,6,9,5/15/07,4/8/09
European bat lyssavirus 1,PRJNA19757,ssRNA viruses,Rhabdoviridae,11.966,44.6, Unknown:NC_009527.1/EF157976.1,5,5,4/2/07,12/8/08
European bat lyssavirus 2,PRJNA19759,ssRNA viruses,Rhabdoviridae,11.93,44.8, Unknown:NC_009528.2/EF157977.2,5,5,4/2/07,2/25/15
WU Polyomavirus,PRJNA19765,"dsDNA viruses, no RNA stage",Polyomaviridae,5.229,39.2, Unknown:NC_009539.1/EF444549.1,5,5,5/7/07,3/26/10
Porcine rubulavirus,PRJNA20055,ssRNA viruses,Paramyxoviridae,15.18,46.7, Unknown:NC_009640.1/BK005918.1,6,9,6/29/07,7/24/07
Akabane virus,PRJNA20971,ssRNA viruses,Bunyaviridae,12.035,36.901, L:NC_009894.1/AB190458.1;  M:NC_009895.1/AB100604.1;  S:NC_009896.1/AB000851.1,4,4,1/9/98,10/5/07
Oliveros mammarenavirus,PRJNA28319,ssRNA viruses,Arenaviridae,10.719,39.9766, L:NC_010250.1/AY216514.2;  S:NC_010248.1/U34248.1,4,4,3/24/96,1/11/08
Amapari mammarenavirus,PRJNA28321,ssRNA viruses,Arenaviridae,10.387,40.4118, L:NC_010251.1/AY216517.2;  S:NC_010247.1/AF485256.1,4,4,9/16/02,12/8/08
Allpahuayo mammarenavirus,PRJNA28323,ssRNA viruses,Arenaviridae,10.396,40.5972, L:NC_010249.1/AY216502.2;  S:NC_010253.1/AY012687.1,4,4,1/2/01,1/11/08
Bear Canyon mammarenavirus,PRJNA28325,ssRNA viruses,Arenaviridae,10.441,39.003, L:NC_010255.1/AY924390.1;  S:NC_010256.1/AY924391.1,4,4,12/1/06,12/8/08
Cupixi mammarenavirus,PRJNA28327,ssRNA viruses,Arenaviridae,10.438,42.4088, L:NC_010252.1/AY216519.2;  S:NC_010254.1/AF512832.1,4,4,10/2/02,1/11/08
Merkel cell polyomavirus,PRJNA28509,"dsDNA viruses, no RNA stage",Polyomaviridae,5.387,40.7, Unknown:NC_010277.2/HM011556.1,4,4,1/21/08,12/16/14
Chapare mammarenavirus,PRJNA29223,ssRNA viruses,Arenaviridae,10.464,40.0116, segment L:NC_010563.1/EU260464.1;  segment S:NC_010562.1/EU260463.1,4,4,4/2/08,10/20/15
Tamiami mammarenavirus,PRJNA29831,ssRNA viruses,Arenaviridae,10.674,41.524, L:NC_010702.1/AY924393.1;  S:NC_010701.1/AF485263.1,4,4,9/16/02,12/9/08
Whitewater Arroyo mammarenavirus,PRJNA29833,ssRNA viruses,Arenaviridae,10.448,39.6917, L:NC_010703.1/AY924395.1;  S:NC_010700.1/AF228063.1,4,4,6/10/01,12/9/08
Thottapalayam virus,PRJNA29841,ssRNA viruses,Bunyaviridae,11.732,37.5454, segment L:NC_010707.1/DQ825770.1;  segment M:NC_010708.1/DQ825771.1;  segment S:NC_010704.1/AY526097.1,3,3,2/17/04,5/20/08
Flexal mammarenavirus,PRJNA29903,ssRNA viruses,Arenaviridae,10.448,41.8562, L:NC_010759.1/EU627611.1;  S:NC_010757.1/AF512831.1,4,4,10/2/02,8/14/08
Latino mammarenavirus,PRJNA29905,ssRNA viruses,Arenaviridae,10.648,39.7313, L:NC_010760.1/EU627612.1;  S:NC_010758.1/AF512830.1,4,4,10/2/02,8/14/08
Parana mammarenavirus,PRJNA29907,ssRNA viruses,Arenaviridae,10.494,39.5228, L:NC_010761.1/EU627613.1;  S:NC_010756.1/AF485261.1,4,4,9/16/02,8/14/08
Rotavirus A,PRJNA32521,dsRNA viruses,Reoviridae,18.562,33.7338, 1:NC_011507.2/DQ838640.2;  10:NC_011504.2/DQ838625.2;  11:NC_011505.2/DQ838630.2;  2:NC_011506.2/DQ838635.2;  3:NC_011508.2/DQ838645.2;  4:NC_011510.2/DQ841262.2;  5:NC_011500.2/DQ838599.2;  6:NC_011509.2/DQ838650.2;  7:NC_011501.2/DQ838610.2;  8:NC_011502.2/DQ838615.2;  9:NC_011503.2/DQ838620.2,12,12,1/30/07,10/18/11
Human bocavirus 2,PRJNA300237,ssDNA viruses,Parvoviridae,5.134,42.3, Unknown:NC_028101.1/FJ170279.1,4,4,2/4/09,10/30/15
Torque teno zalophus virus 1,PRJNA34735,ssDNA viruses,Anelloviridae,2.14,44.1, Unknown:NC_012126.1/FJ459582.1,3,3,3/3/09,1/28/10
Kedougou virus,PRJNA36617,ssRNA viruses,Flaviviridae,10.723,52.8, Unknown:NC_012533.1/AY632540.2,1,1,10/30/05,11/23/10
Bagaza virus,PRJNA36619,ssRNA viruses,Flaviviridae,10.941,49.5, Unknown:NC_012534.1/AY632545.2,1,1,10/30/05,11/23/10
Aguacate virus,PRJNA66333,ssRNA viruses,Bunyaviridae,12.408,42.8459, segment L:NC_015451.1/HM566138.1;  segment M:NC_015450.1/HM566137.1;  segment S:NC_015452.1/HM566139.1,4,4,4/20/11,5/26/11
Human bocavirus 3,PRJNA37291,ssDNA viruses,Parvoviridae,5.242,42.2, Unknown:NC_012564.1/EU918736.1,4,4,4/15/09,4/17/09
Quang Binh virus,PRJNA37969,ssRNA viruses,Flaviviridae,10.865,52.4, Unknown:NC_012671.1/FJ644291.1,2,2,5/6/09,6/25/12
Wesselsbron virus,PRJNA38295,ssRNA viruses,Flaviviridae,10.814,47.7, Unknown:NC_012735.1/EU707555.1,1,1,6/1/09,1/7/10
Lujo mammarenavirus,PRJNA38405,ssRNA viruses,Arenaviridae,10.352,42.3863, segment L:NC_012777.1/FJ952385.1;  segment S:NC_012776.1/FJ952384.1,4,4,6/4/09,1/8/10
Cutthroat trout virus,PRJNA66895,ssRNA viruses,Hepeviridae,7.31,49.4, Unknown:NC_015521.1/HQ731075.1,3,3,5/7/11,6/9/11
Macaca fascicularis papillomavirus 2,PRJNA68287,"dsDNA viruses, no RNA stage",Papillomaviridae,7.632,48.7, Unknown:NC_015691.1/GU014531.1,7,7,6/12/11,6/24/11
Colobus guereza papillomavirus type 2,PRJNA68289,"dsDNA viruses, no RNA stage",Papillomaviridae,7.686,47.1, Unknown:NC_015692.1/GU014533.1,7,6,6/12/11,6/24/11
Human herpesvirus 4 type 2,PRJNA20959,"dsDNA viruses, no RNA stage",Herpesviridae,172.764,59.5, Unknown:NC_009334.1/DQ279927.1,82,80,5/7/06,3/26/10
Human mastadenovirus A,PRJNA14517,"dsDNA viruses, no RNA stage",Adenoviridae,34.125,46.5, Unknown:NC_001460.1/X73487.1,16,36,7/6/93,4/24/12
Human mastadenovirus C,PRJNA14518,"dsDNA viruses, no RNA stage",Adenoviridae,35.937,55.2, Unknown:NC_001405.1/J01917.1,18,38,4/27/93,3/10/11
Human mastadenovirus D,PRJNA14535,"dsDNA viruses, no RNA stage",Adenoviridae,35.083,57.1, Unknown:NC_010956.1/AJ854486.1,17,38,11/26/04,12/9/08
Human mastadenovirus B,PRJNA15150,"dsDNA viruses, no RNA stage",Adenoviridae,34.794,48.9, Unknown:NC_011202.1/AY163756.1,16,38,11/6/02,5/12/15
Porcine enteric sapovirus,PRJNA14653,ssRNA viruses,Caliciviridae,7.32,53.5, Unknown:NC_000940.1/AF182760.1,2,2,10/31/99,11/30/09
Influenza A virus (A/goose/Guangdong/1/1996(H5N1)),PRJNA15617,ssRNA viruses,Orthomyxoviridae,13.59,44.1255, segment 1:NC_007357.1/AF144300.1;  segment 2:NC_007358.1/AF144301.1;  segment 3:NC_007359.1/AF144302.1;  segment 4:NC_007362.1/AF144305.1;  segment 5:NC_007360.1/AF144303.1;  segment 6:NC_007361.1/AF144304.1;  segment 7:NC_007363.1/AF144306.1;  segment 8:NC_007364.1/AF144307.1,12,12,8/31/99,2/6/15
Human herpesvirus 2,PRJNA15218,"dsDNA viruses, no RNA stage",Herpesviridae,154.675,70.4, Unknown:NC_001798.2/JN561323.2,79,77,2/27/97,5/12/15
Small anellovirus 1,PRJNA15252,ssDNA viruses,Anelloviridae,2.249,38.2, Unknown:NC_007013.1/AY622908.1,3,3,5/1/05,5/22/07
Enterovirus C,PRJNA15288,ssRNA viruses,Picornaviridae,7.44,46.3, Unknown:NC_002058.3/V01149.1,1,1,11/3/82,3/20/14
Dengue virus 2,PRJNA20183,ssRNA viruses,Flaviviridae,10.723,45.8, Unknown:NC_001474.2/U87411.1,1,1,8/2/93,9/15/15
Enterovirus B,PRJNA15321,ssRNA viruses,Picornaviridae,7.389,47.2, Unknown:NC_001472.1/M16560.1,2,1,6/15/89,3/24/14
Hepatitis C virus,PRJNA15432,ssRNA viruses,Flaviviridae,9.646,58.2, Unknown:NC_004102.1/AF009606.1,2,2,8/9/97,2/10/15
West Nile virus,PRJNA15431,ssRNA viruses,Flaviviridae,10.962,51.1, Unknown:NC_001563.2/M12294.2,2,2,2/16/93,9/15/15
Enterovirus A,PRJNA15445,ssRNA viruses,Picornaviridae,7.413,47.9, Unknown:NC_001612.1/U05876.1,1,1,3/8/94,3/24/14
Human papillomavirus type 49,PRJNA15455,"dsDNA viruses, no RNA stage",Papillomaviridae,7.56,41.1, Unknown:NC_001591.1/X74480.1,6,6,8/22/93,1/7/11
Human papillomavirus type 9,PRJNA15456,"dsDNA viruses, no RNA stage",Papillomaviridae,7.434,41, Unknown:NC_001596.1/X74464.1,6,7,8/22/93,2/5/11
Human immunodeficiency virus 1,PRJNA15476,Retro-transcribing viruses,Retroviridae,9.181,42.1, Unknown:NC_001802.1/AF033819.3,10,10,1/22/98,6/16/14
SARS coronavirus,PRJNA15500,ssRNA viruses,Coronaviridae,29.751,40.8, Unknown:NC_004718.3/AY274119.3,13,14,4/14/03,9/2/11
Human papillomavirus type 5,PRJNA15511,"dsDNA viruses, no RNA stage",Papillomaviridae,7.746,42.4, Unknown:NC_001531.1/M17463.1,8,8,8/2/93,1/7/11
Tembusu virus,PRJNA70159,ssRNA viruses,Flaviviridae,10.99,49, Unknown:NC_015843.2/JF895923.2,1,1,7/13/11,8/15/13
Measles virus,PRJNA15025,ssRNA viruses,Paramyxoviridae,15.894,47.4, Unknown:NC_001498.1/AB016162.1,6,8,12/9/98,3/7/13
Rubella virus,PRJNA15315,ssRNA viruses,Togaviridae,9.762,69.6, Unknown:NC_001545.2/M15240.2,2,2,8/3/93,2/10/15
Mumps virus,PRJNA15059,ssRNA viruses,Paramyxoviridae,15.384,42.5, Unknown:NC_002200.1/AB040874.1,7,8,4/11/00,8/21/10
Lassa mammarenavirus,PRJNA14864,ssRNA viruses,Arenaviridae,10.681,42.0874, segment L:NC_004297.1/U73034.2;  segment S:NC_004296.1/J04324.1,4,4,6/15/89,10/20/15
Luna mammarenavirus,PRJNA76617,ssRNA viruses,Arenaviridae,10.607,42.0964, segment L:NC_016153.1/AB586645.1;  segment S:NC_016152.1/AB586644.1,4,4,10/6/11,1/27/12
Donggang virus,PRJNA115527,ssRNA viruses,Flaviviridae,10.791,48.3, Unknown:NC_016997.1/JQ086551.1,1,1,3/20/12,3/23/12
Chaoyang virus,PRJNA157255,ssRNA viruses,Flaviviridae,10.733,48.4, Unknown:NC_017086.1/JQ308185.1,1,1,3/27/12,7/10/12
Bat sapovirus TLC58/HK,PRJNA167111,ssRNA viruses,Caliciviridae,7.696,60.1, Unknown:NC_017936.1/JN899075.1,2,2,5/14/12,5/18/12
Nariva virus,PRJNA167112,ssRNA viruses,Paramyxoviridae,15.276,44.3, Unknown:NC_017937.1/FJ362497.2,6,8,1/21/09,5/18/12
Human papillomavirus type 136,PRJNA167866,"dsDNA viruses, no RNA stage",Papillomaviridae,7.319,38.5, Unknown:NC_017994.1/HM999988.1,7,7,6/1/12,6/4/12
Human papillomavirus type 140,PRJNA167868,"dsDNA viruses, no RNA stage",Papillomaviridae,7.341,39.7, Unknown:NC_017996.1/HM999992.1,7,7,6/1/12,6/4/12
SFTS virus HB29,PRJNA170539,ssRNA viruses,Bunyaviridae,11.49,48.8164, L:NC_018136.1/HM745930.1;  M:NC_018138.1/HM745931.1;  S:NC_018137.1/HM745932.1,4,4,3/9/11,7/13/12
Bat hepevirus,PRJNA172460,ssRNA viruses,Hepeviridae,6.796,51.6, Unknown:NC_018382.1/JQ001749.1,3,3,8/5/12,8/13/12
CAS virus,PRJNA173353,ssRNA viruses,Arenaviridae,10.18,39.5264, L:NC_018484.1/JQ717261.1;  S:NC_018481.1/JQ717262.1,4,4,8/21/12,10/5/12
Golden Gate virus,PRJNA173354,ssRNA viruses,Arenaviridae,10.404,41.1391, L:NC_018482.1/JQ717263.1;  S:NC_018483.1/JQ717264.1,4,4,8/21/12,10/5/12
Sathuperi virus,PRJNA173356,ssRNA viruses,Bunyaviridae,12.034,35.4595, L:NC_018461.1/HE795102.1;  M:NC_018466.1/HE795103.1;  S:NC_018462.1/HE795104.1,4,4,8/20/12,11/6/13
Aino virus,PRJNA173357,ssRNA viruses,Bunyaviridae,12.135,34.563, L:NC_018465.1/HE795087.1;  M:NC_018459.1/HE795088.1;  S:NC_018460.1/HE795089.1,4,4,8/20/12,11/6/13
Shamonda virus,PRJNA173358,ssRNA viruses,Bunyaviridae,12.104,36.0797, L:NC_018463.1/HE795105.1;  M:NC_018467.1/HE795106.1;  S:NC_018464.1/HE795107.1,4,4,8/20/12,11/6/13
Simbu virus,PRJNA173359,ssRNA viruses,Bunyaviridae,12.172,34.483, L:NC_018476.1/HE795108.1;  M:NC_018478.1/HE795109.1;  S:NC_018477.1/HE795110.1,4,4,8/20/12,11/6/13
Ikoma lyssavirus,PRJNA175665,ssRNA viruses,Rhabdoviridae,11.902,40.7, Unknown:NC_018629.1/JX193798.1,5,5,8/30/12,9/21/12
Ntaya virus,PRJNA176549,ssRNA viruses,Flaviviridae,10.943,48.3, Unknown:NC_018705.3/JX236040.3,1,1,10/2/12,12/4/13
Lunk virus NKS-1,PRJNA176605,ssRNA viruses,Arenaviridae,10.614,43.0697, segment L:NC_018711.1/AB693151.1;  segment S:NC_018710.1/AB693150.1,4,4,9/29/12,10/6/12
Human papillomavirus,PRJNA293723,"dsDNA viruses, no RNA stage",Papillomaviridae,7.32,37.5, Unknown:NC_027779.1/KP692117.1,6,6,8/19/15,8/24/15
Avian paramyxovirus 4,PRJNA181250,ssRNA viruses,Paramyxoviridae,15.048,46.3, Unknown:NC_019531.1/JX987283.1,6,6,11/15/12,3/12/13
TTV-like mini virus,PRJNA193982,ssDNA viruses,Anelloviridae,2.912,38.7, Unknown:NC_020498.1/JX134044.1,3,3,3/16/13,3/25/13
Chandipura virus,PRJNA194137,ssRNA viruses,Rhabdoviridae,11.12,42.5, Unknown:NC_020805.1/GU212856.1,5,5,10/24/10,3/26/13
Aravan virus,PRJNA194139,ssRNA viruses,Rhabdoviridae,11.918,44.9, Unknown:NC_020808.1/EF614259.1,5,5,6/1/08,3/26/13
Irkut virus,PRJNA194140,ssRNA viruses,Rhabdoviridae,11.98,44.5, Unknown:NC_020809.1/EF614260.1,5,5,6/1/08,3/26/13
Lagos bat virus,PRJNA194143,ssRNA viruses,Rhabdoviridae,12.016,43.5, Unknown:NC_020807.1/EU293108.1,5,5,4/23/08,3/26/13
Duvenhage virus,PRJNA194144,ssRNA viruses,Rhabdoviridae,11.976,44.2, Unknown:NC_020810.1/EU293119.1,5,5,4/23/08,3/26/13
Mosquito flavivirus,PRJNA198479,ssRNA viruses,Flaviviridae,10.865,52.3, Unknown:NC_021069.1/KC464457.1,1,1,4/16/13,2/24/14
Rodent hepacivirus,PRJNA198869,ssRNA viruses,Flaviviridae,8.879,54.9, Unknown:NC_021153.1/KC815310.1,1,1,4/21/13,2/10/15
Avian paramyxovirus 8,PRJNA264936,ssRNA viruses,Paramyxoviridae,15.342,41.4, Unknown:NC_025374.1/FJ619036.1,6,8,6/1/09,10/27/14
Human parainfluenza virus 4a,PRJNA214365,ssRNA viruses,Paramyxoviridae,17.052,36.2, Unknown:NC_021928.1/AB543336.1,7,7,7/17/10,8/6/13
Human papillomavirus type 154,PRJNA208538,"dsDNA viruses, no RNA stage",Papillomaviridae,7.286,37.9, Unknown:NC_021483.1/JN211193.1,7,7,6/5/13,7/14/13
Human rotavirus B,PRJNA209367,dsRNA viruses,Reoviridae,17.932,37.037, 1:NC_021541.1/EU490415.1;  10:NC_021550.1/AY238384.1;  11:NC_021549.1/AY238394.1;  2:NC_021545.1/AY238390.1;  3:NC_021551.1/EU490418.1;  4:NC_021543.1/AY238388.1;  5:NC_021546.1/AY238391.1;  6:NC_021544.1/AY238389.1;  7:NC_021547.1/AY238392.1;  8:NC_021548.1/AY238393.1;  9:NC_021542.1/AY238385.1,13,13,1/14/04,6/24/13
Brazoran virus,PRJNA214783,ssRNA viruses,Bunyaviridae,13.242,37.0408, L:NC_022039.1/KC854418.1;  M:NC_022038.1/KC854417.1;  S:NC_022037.1/KC854416.1,4,4,8/8/13,8/9/13
Rotavirus G chicken/03V0567/DEU/2003,PRJNA209727,dsRNA viruses,Reoviridae,18.186,34.9496, 1:NC_021590.1/JN596592.1;  10:NC_021586.1/JQ920011.1;  11:NC_021587.1/JQ920012.1;  2:NC_021580.1/JQ920004.1;  3:NC_021581.1/JQ920006.1;  4:NC_021589.1/JQ920005.1;  5:NC_021583.1/JQ920008.1;  6:NC_021588.1/HQ403604.1;  7:NC_021585.1/JQ920010.1;  8:NC_021584.1/JQ920009.1;  9:NC_021582.1/JQ920007.1,12,12,3/15/11,7/25/13
Rotavirus F chicken/03V0568/DEU/2003,PRJNA210412,dsRNA viruses,Reoviridae,18.341,34.4913, 1:NC_021625.1/JN596591.1;  10:NC_021629.1/JQ920003.1;  11:NC_021634.1/JQ920002.1;  2:NC_021626.1/JQ919995.1;  3:NC_021631.1/JQ919997.1;  4:NC_021630.1/JQ919996.1;  5:NC_021632.1/JQ919999.1;  6:NC_021635.1/HQ403603.1;  7:NC_021633.1/JQ920001.1;  8:NC_021628.1/JQ920000.1;  9:NC_021627.1/JQ919998.1,11,11,3/15/11,7/3/13
Human endogenous retrovirus K113,PRJNA222261,Retro-transcribing viruses,Retroviridae,9.472,41.9, Unknown:NC_022518.1/AY037928.1,1,1,10/29/01,9/30/13
Razdan virus,PRJNA225931,ssRNA viruses,Bunyaviridae,11.47,45.5068, L:NC_022630.1/KC335496.1;  M:NC_022631.1/KC335497.1;  S:NC_022632.1/KC335498.1,4,4,10/30/13,10/31/13
Arumowot virus,PRJNA240065,ssRNA viruses,Bunyaviridae,12.262,39.8026, L:NC_023635.1/HM566144.1;  M:NC_023633.1/HM566143.1;  S:NC_023634.1/HM566145.1,4,4,5/18/12,3/4/14
Hepatitis delta virus,PRJNA15032,Deltavirus,unclassified,1.682,58.8, Unknown:NC_001653.2/D01075.1,2,2,4/29/93,2/10/15
Human papillomavirus type 178,PRJNA243630,"dsDNA viruses, no RNA stage",Papillomaviridae,7.314,38.2, Unknown:NC_023891.1/KJ130020.1,7,7,3/30/14,5/30/14
Lloviu cuevavirus,PRJNA76475,ssRNA viruses,Filoviridae,18.927,46, Unknown:NC_016144.1/JF828358.1,9,9,10/30/11,11/12/14
Cat Que virus,PRJNA246534,ssRNA viruses,Bunyaviridae,12.39,36.0604, L:NC_024076.1/JQ675598.2;  M:NC_024074.1/JQ675599.2;  S:NC_024075.1/JQ675600.2,3,3,2/28/13,5/13/14
Avian bornavirus,PRJNA252622,ssRNA viruses,Bornaviridae,8.914,41.7, Unknown:NC_024296.1/KC595273.2,6,6,4/22/13,10/7/15
Heartland virus,PRJNA255997,ssRNA viruses,Bunyaviridae,11.567,46.3289, L:NC_024495.1/JX005846.1;  M:NC_024494.1/JX005844.1;  S:NC_024496.1/JX005842.1,4,4,8/30/12,7/24/14
MSSI2.225 virus,PRJNA257699,ssDNA viruses,unclassified,2.259,51.8, Unknown:NC_024691.1/LK931485.1,2,3,7/28/14,10/3/14
Reptile bornavirus 1,PRJNA260159,ssRNA viruses,Bornaviridae,8.884,43.3, Unknown:NC_024778.1/KM114265.1,6,6,9/2/14,10/16/14
Seal anellovirus 2,PRJNA261352,ssDNA viruses,Anelloviridae,2.149,48.2, Unknown:NC_024891.1/KF373760.1,3,3,11/26/13,9/18/14
Seal anellovirus 3,PRJNA261353,ssDNA viruses,Anelloviridae,2.169,48.8, Unknown:NC_024890.1/KF373758.1,3,3,11/26/13,9/18/14
Bokeloh bat lyssavirus,PRJNA263847,ssRNA viruses,Rhabdoviridae,11.9,45.1, Unknown:NC_025251.1/JF311903.1,5,5,8/9/11,10/15/14
Maraba virus,PRJNA263848,ssRNA viruses,Rhabdoviridae,11.135,42.3, Unknown:NC_025255.1/HQ660076.1,5,6,6/22/11,10/15/14
Sosuga virus,PRJNA264896,ssRNA viruses,Paramyxoviridae,15.48,42.4, Unknown:NC_025343.1/KF774436.1,7,7,1/29/14,10/27/14
Canine pneumovirus,PRJNA264898,ssRNA viruses,Paramyxoviridae,14.885,40.2, Unknown:NC_025344.1/KF015281.1,10,11,1/18/14,10/27/14
Sunshine virus,PRJNA264902,ssRNA viruses,Paramyxoviridae,17.187,37.1, Unknown:NC_025345.1/JN192445.1,6,6,6/4/12,10/27/14
Atlantic salmon paramyxovirus,PRJNA264907,ssRNA viruses,Paramyxoviridae,16.968,45.9, Unknown:NC_025360.1/EU156171.1,6,9,4/9/08,10/27/14
West Caucasian bat virus,PRJNA264909,ssRNA viruses,Rhabdoviridae,12.278,42.4, Unknown:NC_025377.1/EF614258.1,5,5,6/1/08,10/27/14
Avian paramyxovirus 3,PRJNA264912,ssRNA viruses,Paramyxoviridae,16.182,41.8, Unknown:NC_025373.1/EU782025.1,6,6,3/26/10,10/27/14
Avian paramyxovirus 12,PRJNA264916,ssRNA viruses,Paramyxoviridae,15.312,45, Unknown:NC_025363.1/KC333050.1,6,6,3/24/13,10/27/14
Cedar virus,PRJNA264921,ssRNA viruses,Paramyxoviridae,18.162,37.2, Unknown:NC_025351.1/JQ001776.1,6,7,8/19/12,10/27/14
Yug Bogdanovac virus,PRJNA264922,ssRNA viruses,Rhabdoviridae,11.202,47.3, Unknown:NC_025378.1/JF911700.1,5,5,10/17/12,10/27/14
Tailam virus,PRJNA264924,ssRNA viruses,Paramyxoviridae,19.152,39.6, Unknown:NC_025355.1/JN689227.1,8,11,12/4/11,10/27/14
Avian paramyxovirus penguin/Falkland Islands/324/2007,PRJNA264931,ssRNA viruses,Paramyxoviridae,15.226,42.1, Unknown:NC_025349.1/HM147142.1,6,6,7/17/10,10/27/14
Tuhoko virus 3,PRJNA264932,ssRNA viruses,Paramyxoviridae,15.234,41.8, Unknown:NC_025350.1/GU128082.1,7,7,6/21/10,10/27/14
Tuhoko virus 2,PRJNA264933,ssRNA viruses,Paramyxoviridae,15.432,40.6, Unknown:NC_025348.1/GU128081.1,7,7,6/21/10,10/27/14
Shimoni bat virus,PRJNA264934,ssRNA viruses,Rhabdoviridae,12.045,39.1, Unknown:NC_025365.1/GU170201.1,5,5,3/23/10,10/27/14
Avian paramyxovirus 5,PRJNA264935,ssRNA viruses,Paramyxoviridae,17.262,40.1, Unknown:NC_025361.1/GU206351.1,6,8,3/10/10,10/27/14
Avian paramyxovirus 7,PRJNA264937,ssRNA viruses,Paramyxoviridae,15.48,39.1, Unknown:NC_025347.1/FJ231524.1,6,6,7/10/09,10/27/14
Mojiang virus,PRJNA264966,ssRNA viruses,Paramyxoviridae,18.406,38.8, Unknown:NC_025352.1/KF278639.1,6,9,3/19/14,10/27/14
Khujand virus,PRJNA265878,ssRNA viruses,Rhabdoviridae,11.903,44.4, Unknown:NC_025385.1/EF614261.1,5,5,6/1/08,10/31/14
Porcine parainfluenza virus 1,PRJNA265892,ssRNA viruses,Paramyxoviridae,15.396,37.4, Unknown:NC_025402.1/JX857409.1,6,9,7/23/13,10/31/14
Achimota virus 2,PRJNA265895,ssRNA viruses,Paramyxoviridae,15.504,42.1, Unknown:NC_025404.1/JX051320.1,6,8,11/24/12,10/31/14
Achimota virus 1,PRJNA265896,ssRNA viruses,Paramyxoviridae,15.624,40, Unknown:NC_025403.1/JX051319.1,6,8,11/24/12,10/31/14
Salem virus,PRJNA265898,ssRNA viruses,Paramyxoviridae,16.698,42.3, Unknown:NC_025386.1/JQ697837.1,6,8,7/3/12,10/31/14
Avian paramyxovirus 11,PRJNA265899,ssRNA viruses,Paramyxoviridae,17.412,39, Unknown:NC_025407.1/JQ886184.1,7,7,7/4/12,10/31/14
Tuhoko virus 1,PRJNA265902,ssRNA viruses,Paramyxoviridae,15.888,40.6, Unknown:NC_025410.1/GU128080.1,7,7,6/21/10,10/31/14
Lyssavirus Ozernoe,PRJNA265904,ssRNA viruses,Rhabdoviridae,11.98,44.7, Unknown:NC_025408.1/FJ905105.2,5,5,5/12/09,10/31/14
Avian paramyxovirus 9,PRJNA265905,ssRNA viruses,Paramyxoviridae,15.438,44.6, Unknown:NC_025390.1/EU910942.1,6,6,3/6/09,10/31/14
Feline morbillivirus,PRJNA264182,ssRNA viruses,Paramyxoviridae,16.004,35, Unknown:NC_025264.1/AB924120.1,6,6,10/9/14,10/22/14
Torque teno mini virus ALH8,PRJNA268591,ssDNA viruses,Anelloviridae,2.855,38.8, Unknown:NC_025727.1/KM259874.1,2,2,8/23/14,11/26/14
Torque teno mini virus ALA22,PRJNA268592,ssDNA viruses,Anelloviridae,2.914,38.4, Unknown:NC_025726.1/KM259873.1,3,3,8/23/14,11/26/14
Norway rat hepacivirus 1,PRJNA267736,ssRNA viruses,Flaviviridae,8.976,55, Unknown:NC_025672.1/KJ950938.1,1,1,10/27/14,11/19/14
Norway rat hepacivirus 2,PRJNA267779,ssRNA viruses,Flaviviridae,8.568,56.1, Unknown:NC_025673.1/KJ950939.1,1,1,10/27/14,11/19/14
Leopards Hill virus,PRJNA269629,ssRNA viruses,Bunyaviridae,18.368,42.2153, L:NC_025831.1/AB842088.1;  M:NC_025832.1/AB842089.1;  S:NC_025833.1/AB842090.1,3,3,11/27/14,2/6/15
Rodent Torque teno virus 2,PRJNA271180,ssDNA viruses,Anelloviridae,2.572,46.9, Unknown:NC_025966.1/KM668486.1,3,3,12/23/14,2/26/15
Gairo virus,PRJNA273480,ssRNA viruses,Arenaviridae,10.609,40.8765, segmen  L:NC_026247.1/KJ855307.1;  segmen  S:NC_026246.1/KJ855308.1,4,4,1/15/15,10/20/15
Human smacovirus 1,PRJNA273530,unclassified viruses,unclassified,2.46,43.9, Unknown:NC_026252.1/KP264966.1,2,2,1/20/15,1/26/15
Human papillomavirus type 179,PRJNA215652,"dsDNA viruses, no RNA stage",Papillomaviridae,7.228,36.8, Unknown:NC_022095.1/HG421739.1,6,6,8/14/13,3/14/14
Simian torque teno virus 31,PRJNA278056,ssDNA viruses,Anelloviridae,3.907,58.3, Unknown:NC_026662.1/KP296853.1,4,4,3/2/15,7/24/15
Simian torque teno virus 32,PRJNA278303,ssDNA viruses,Anelloviridae,3.812,57.1, Unknown:NC_026664.1/KP296854.1,4,4,3/2/15,3/18/15
Simian torque teno virus 30,PRJNA278640,ssDNA viruses,Anelloviridae,3.612,53.5, Unknown:NC_026663.1/KP296857.1,3,3,3/2/15,7/24/15
Simian torque teno virus 34,PRJNA280302,ssDNA viruses,Anelloviridae,3.621,56.8, Unknown:NC_026765.1/KP296856.1,4,4,3/2/15,4/4/15
Simian torque teno virus 33,PRJNA280303,ssDNA viruses,Anelloviridae,3.774,60.9, Unknown:NC_026764.1/KP296855.1,4,4,3/2/15,4/4/15
Rotavirus I,PRJNA281402,dsRNA viruses,Reoviridae,17.767,35.2477, 1:NC_026825.2/KM369892.2;  10:NC_026823.2/KM369890.2;  11:NC_026824.1/KM369891.2;  2:NC_026826.2/KM369893.2;  3:NC_026827.2/KM369894.2;  4:NC_026828.2/KM369895.2;  5:NC_026820.1/KM369887.2;  6:NC_026829.2/KM369896.2;  7:NC_026822.2/KM369889.2;  8:NC_026821.2/KM369888.2;  9:NC_026830.2/KM369897.2,12,12,4/6/15,2/11/16
Bovine hepacivirus,PRJNA280337,ssRNA viruses,Flaviviridae,8.85,53, Unknown:NC_026797.1/KP265943.1,1,1,3/31/15,4/13/15
Bhanja virus,PRJNA285593,ssRNA viruses,Bunyaviridae,11.511,45.3022, L:NC_027140.1/JX961616.1;  M:NC_027141.1/JX961617.1;  S:NC_027142.1/JX961618.1,4,4,1/21/13,6/2/15
Punta Toro virus,PRJNA286006,ssRNA viruses,Bunyaviridae,12.65,39.5204, L:NC_027203.1/KP272025.1;  M:NC_027201.1/KP272026.1;  S:NC_027202.1/KP272027.1,4,4,5/10/15,6/6/15
Spanish goat encephalitis virus,PRJNA293047,ssRNA viruses,Flaviviridae,10.87,54.9, Unknown:NC_027709.1/KP144332.1,1,1,8/2/15,8/18/15
Parramatta River virus,PRJNA295309,ssRNA viruses,Flaviviridae,10.893,47.5, Unknown:NC_027817.1/KT192549.1,1,1,9/8/15,9/14/15
Mercadeo virus,PRJNA295578,ssRNA viruses,Flaviviridae,10.938,50.2, Unknown:NC_027819.1/KP688058.1,1,1,9/8/15,9/14/15
Canary bornavirus 2,PRJNA296131,ssRNA viruses,Bornaviridae,8.957,40.6, Unknown:NC_027892.1/KC464478.1,6,6,4/22/13,9/30/15
Human pegivirus 2,PRJNA298087,ssRNA viruses,Flaviviridae,9.867,53.9, Unknown:NC_027998.2/KT427414.1,1,1,10/4/15,2/11/16
Paraiso Escondido virus,PRJNA298208,ssRNA viruses,Flaviviridae,10.761,47.3, Unknown:NC_027999.1/KJ152564.1,1,1,10/2/15,10/8/15
Borna disease virus 1,PRJNA299769,ssRNA viruses,Bornaviridae,8.908,49.9, Unknown:NC_028100.1/AY114162.1,6,6,8/15/02,10/30/15
Parrot bornavirus 2,PRJNA300260,ssRNA viruses,Bornaviridae,8.914,42.3, Unknown:NC_028106.1/EU781967.1,6,6,8/12/08,10/30/15
Phocine distemper virus,PRJNA301066,ssRNA viruses,Paramyxoviridae,15.696,41, Unknown:NC_028249.1/KC802221.1,6,8,5/13/13,11/4/15
Anellovirus PRA4,PRJNA307587,ssDNA viruses,Anelloviridae,2.065,53.3, Unknown:NC_028753.1/KM593801.1,1,1,12/31/15,1/5/16
Human plasma-associated gemycircularvirus,PRJNA303113,unclassified viruses,unclassified,2.272,51.8, Unknown:NC_028459.1/KP974693.1,3,3,11/15/15,11/24/15
Arrabida virus,PRJNA310910,ssRNA viruses,Bunyaviridae,6.391,42.6, L:NC_029082.1/KP863799.1,1,1,1/26/16,2/5/16
Porcine sapovirus,PRJNA300231,ssRNA viruses,Caliciviridae,7.32,53.5, Unknown:NC_029062.1/KT922087.1,2,2,1/9/16,2/5/16
Tofla virus,PRJNA308206,ssRNA viruses,Bunyaviridae,18.467,47.0321, L:NC_029124.1/LC008512.1;  M:NC_029123.1/LC008511.1;  S:NC_029122.1/LC008510.1,3,3,1/5/16,2/5/16
Adana virus,PRJNA310915,ssRNA viruses,Bunyaviridae,12.389,44.7142, L:NC_029127.1/KJ939330.1;  M:NC_029128.1/KJ939331.1;  S:NC_029129.1/KJ939332.1,4,4,2/16/15,2/5/16
Spondweni virus,PRJNA311759,ssRNA viruses,Flaviviridae,10.29,52.3,NC_029055.1/DQ859064.1,1,1,9/16/09,2/11/16
Aquatic bird bornavirus 1,PRJNA314778,ssRNA viruses,Bornaviridae,9.006,39.9,NC_029642.1/KF578398.1,6,6,9/30/13,3/10/16
West Nile virus,PRJNA30293,ssRNA viruses,Flaviviridae,11.029,51.2, Unknown:NC_009942.1/DQ211652.1,3,3,10/11/05,9/14/15
Hepatitis C virus genotype 2,PRJNA20937,ssRNA viruses,Flaviviridae,9.711,56.9, Unknown:NC_009823.1/AF177036.1,1,1,10/5/99,7/26/11
Dengue virus 1,PRJNA15306,ssRNA viruses,Flaviviridae,10.735,46.7, Unknown:NC_001477.1/U88536.1,1,1,2/28/97,9/15/15
Small anellovirus 2,PRJNA15253,ssDNA viruses,Anelloviridae,2.635,39.5, Unknown:NC_007014.1/AY622909.1,5,5,5/1/05,4/8/09
Influenza A virus (A/New York/392/2004(H3N2)),PRJNA15622,ssRNA viruses,Orthomyxoviridae,13.627,42.9178, segment 1:NC_007373.1/CY002071.1;  segment 2:NC_007372.1/CY002070.1;  segment 3:NC_007371.1/CY002069.1;  segment 4:NC_007366.1/CY002064.1;  segment 5:NC_007369.1/CY002067.1;  segment 6:NC_007368.1/CY002066.1;  segment 7:NC_007367.1/CY002065.1;  segment 8:NC_007370.1/CY002068.1,12,12,8/1/05,2/6/15
Sapovirus Mc10,PRJNA14952,ssRNA viruses,Caliciviridae,7.458,51.5, Unknown:NC_010624.1/AY237420.2,2,2,2/26/04,12/9/08
Human mastadenovirus B,PRJNA31177,"dsDNA viruses, no RNA stage",Adenoviridae,35.343,51.1, Unknown:NC_011203.1/DQ086466.1,17,39,11/23/05,5/11/15
Human mastadenovirus D,PRJNA15105,"dsDNA viruses, no RNA stage",Adenoviridae,35.1,56.6, Unknown:AC_000006.1/,-,19,12/1/04,12/8/08
Human adenovirus 5,PRJNA15107,"dsDNA viruses, no RNA stage",Adenoviridae,35.938,55.2, Unknown:AC_000008.1/,-,36,12/1/04,12/8/08
Human mastadenovirus A,PRJNA40315,"dsDNA viruses, no RNA stage",Adenoviridae,34.125,46.5, Unknown:AC_000005.1/,-,35,12/1/04,9/10/09
Human herpesvirus 4,PRJNA14413,"dsDNA viruses, no RNA stage",Herpesviridae,171.823,59.5,NC_007605.1/AJ507799.2,152,95,10/9/02,11/5/13
Marburg marburgvirus,PRJNA276005,ssRNA viruses,Filoviridae,19.114,37.8, Unknown:NC_024781.1/DQ447649.1,7,7,4/15/06,2/24/15
Caprine parainfluenza virus 3,PRJNA301458,ssRNA viruses,Paramyxoviridae,15.618,36, Unknown:NC_028362.1/KT215610.1,6,6,7/11/15,11/12/15
Human adenovirus 1,PRJNA15113,"dsDNA viruses, no RNA stage",Adenoviridae,36.001,55.3, Unknown:AC_000017.1/,-,36,12/1/04,12/8/08
Human adenovirus 54,PRJNA39353,"dsDNA viruses, no RNA stage",Adenoviridae,34.92,54.9, Unknown:NC_012959.1/AB333801.2,36,36,6/14/08,4/30/12
Simian adenovirus 21,PRJNA14607,"dsDNA viruses, no RNA stage",Adenoviridae,35.524,51.2, Unknown:AC_000010.1/,-,38,12/1/04,12/8/08
Sapovirus Hu/Dresden/pJG-Sap01/DE,PRJNA15048,ssRNA viruses,Caliciviridae,7.429,50.6, Unknown:NC_006269.1/AY694184.2,3,3,9/5/04,12/8/08
Influenza A virus (A/Puerto Rico/8/1934(H1N1)),PRJNA15521,ssRNA viruses,Orthomyxoviridae,13.588,43.381, segment 1:NC_002023.1/V00603.1;  segment 2:NC_002021.1/J02151.1;  segment 3:NC_002022.1/V01106.1;  segment 4:NC_002017.1/V01088.1;  segment 5:NC_002019.1/J02147.1;  segment 6:NC_002018.1/J02146.1;  segment 7:NC_002016.1/V01099.1;  segment 8:NC_002020.1/J02150.1,12,12,6/9/82,10/20/15
Dengue virus 4,PRJNA15599,ssRNA viruses,Flaviviridae,10.649,47.1, Unknown:NC_002640.1/AF326825.1,1,1,1/3/01,2/11/16
Hepatitis C virus genotype 6,PRJNA20939,ssRNA viruses,Flaviviridae,9.628,55.4, Unknown:NC_009827.1/D84262.2,1,1,9/8/98,7/26/11
Hepatitis C virus genotype 5,PRJNA20935,ssRNA viruses,Flaviviridae,9.343,57.1, Unknown:NC_009826.1/Y13184.1,1,1,9/12/97,7/26/11
Dengue virus 3,PRJNA15598,ssRNA viruses,Flaviviridae,10.707,46.7, Unknown:NC_001475.2/AY099336.1,1,1,8/2/93,9/14/15
Influenza A virus (A/Korea/426/1968(H2N2)),PRJNA15620,ssRNA viruses,Orthomyxoviridae,13.46,43.3652, segment 1:NC_007378.1/M73524.1;  segment 2:NC_007375.1/M25935.1;  segment 3:NC_007376.1/M26079.1;  segment 4:NC_007374.1/L11133.1;  segment 5:NC_007381.1/AY210103.1;  segment 6:NC_007382.1/AY209932.1;  segment 7:NC_007377.1/M63531.1;  segment 8:NC_007380.1/AY210191.1,12,12,12/15/89,10/20/15
Sapovirus C12,PRJNA15040,ssRNA viruses,Caliciviridae,7.476,51.7, Unknown:NC_006554.1/AY603425.1,2,2,9/23/04,12/8/08
Human adenovirus 35,PRJNA15115,"dsDNA viruses, no RNA stage",Adenoviridae,34.794,48.9, Unknown:AC_000019.1/,-,37,12/1/04,12/8/08
Human adenovirus 2,PRJNA15106,"dsDNA viruses, no RNA stage",Adenoviridae,35.937,55.2, Unknown:AC_000007.1/,-,36,12/1/04,12/8/08
Human adenovirus 7,PRJNA15114,"dsDNA viruses, no RNA stage",Adenoviridae,35.514,51.3, Unknown:AC_000018.1/,-,37,12/1/04,12/8/08
Sapovirus Hu/Nagoya/NGY-1/2012/JPN,PRJNA284012,ssRNA viruses,Caliciviridae,7.521,49.7, Unknown:NC_027026.1/AB775659.2,2,2,7/9/13,5/14/15
Influenza A virus (A/Shanghai/02/2013(H7N9)),PRJNA274585,ssRNA viruses,Orthomyxoviridae,13.191,44.3369, 1:NC_026422.1/KF021594.1;  2:NC_026423.1/KF021595.1;  3:NC_026424.1/KF021596.1;  4:NC_026425.1/KF021597.1;  5:NC_026426.1/KF021598.1;  6:NC_026429.1/KF021599.1;  7:NC_026427.1/KF021600.1;  8:NC_026428.1/KF021601.1,12,12,5/15/13,2/6/15
Hepatitis C virus genotype 4,PRJNA20933,ssRNA viruses,Flaviviridae,9.355,56.2, Unknown:NC_009825.1/Y11604.1,1,1,7/9/97,7/26/11
Hepatitis C virus genotype 3,PRJNA20941,ssRNA viruses,Flaviviridae,9.456,55.6, Unknown:NC_009824.1/D17763.1,1,1,7/21/94,7/27/11
Influenza A virus (A/California/07/2009(H1N1)),PRJNA274766,ssRNA viruses,Orthomyxoviridae,13.158,43.6638, 1:NC_026438.1/FJ984387.1;  2:NC_026435.1/GQ323558.1;  3:NC_026437.1/FJ969539.1;  4:NC_026433.1/FJ969540.1;  5:NC_026436.1/FJ969536.1;  6:NC_026434.1/FJ984386.1;  7:NC_026431.1/FJ969537.1;  8:NC_026432.1/FJ969538.1,12,11,4/28/09,2/23/15
Influenza A virus (A/Hong Kong/1073/99(H9N2)),PRJNA14892,ssRNA viruses,Orthomyxoviridae,13.498,44.0605, segment 1:NC_004910.1/AJ404630.1;  segment 2:NC_004911.1/AJ404634.1;  segment 3:NC_004912.1/AJ404637.1;  segment 4:NC_004908.1/AJ404626.1;  segment 5:NC_004905.2/AJ289871.1;  segment 6:NC_004909.1/AJ404629.1;  segment 7:NC_004907.1/AJ278646.1;  segment 8:NC_004906.1/AJ278649.1,10,10,6/30/00,3/8/15